NAME	TITLE	SCORE	
VdnPW4_8729		3.4606135	
PBdnRY1_427		3.1507044	
CLCdnPW49_8560		2.7068624	
CLCdnDe3_8482		2.701496	
VdnDe1_27434		2.6069849	
CLCdnDe10_8947		2.4480417	
CLCdnDe2_7728		2.3833854	
VdnPW2_57081		2.3331232	
CLCdnDe1_17476		2.324215	
CLCdnPW10_11224		2.199821	
CLCdnDe7_10298		2.186328	
SdnPW1_30750		2.1499856	
CLCdnDe6_28365		2.1452816	
SdnRY1_8878		2.135059	
CLCdnDe11_1772		2.126491	
CLCdnPW49_14462		2.1116948	
VdnPW1_43703		2.1089253	
CLCdnPW43_13969		2.02484	
CLCdnPW16_22370		2.015383	
VdnPW4_5460		2.007993	
VdnDe4_1780		1.9911599	
CLCdnDe11_40066		1.9582767	
Sotub03g026600.1.1		1.9262992	
CLCdnPW44_675		1.8894879	
CLCdnPW46_5192		1.888949	
SdnRY1_4815		1.8690419	
VdnDe4_20173		1.8562703	
CLCdnPW11_4875		1.8403829	
CLCdnPW10_18181		1.839125	
VdnDe3_153685		1.8376712	
Sotub08g025930.1.1		1.8170453	
CLCdnDe13_10411		1.7967978	
CLCdnDe14_16018		1.7893853	
CLCdnPW36_23906		1.788342	
Sotub08g025310.1.1		1.7823479	
CLCdnDe14_78116		1.775242	
CLCdnDe14_3062		1.7546343	
PBdnRY1_2239		1.6968179	
PBdnRY1_13574		1.6877326	
CLCdnDe7_6898		1.6816593	
VdnDe2_160408		1.6679655	
CLCdnRY5_12434		1.6607229	
VdnDe3_35735		1.656417	
VdnPW1_46078		1.6527387	
CLCdnDe5_5665		1.6458008	
PBdnRY1_229		1.6401343	
VdnRY7_1509		1.6383375	
VdnPW1_26906		1.6338215	
CLCdnDe11_29848		1.6183465	
VdnDe3_47805		1.6143806	
VdnPW3_48802		1.6134245	
CLCdnDe11_12736		1.608951	
CLCdnRY10_17453		1.6028095	
VdnDe4_24971		1.6007828	
Sotub03g028030.1.1		1.5766683	
CLCdnPW15_595		1.570556	
VdnDe1_37438		1.5663077	
CLCdnDe13_5071		1.5480654	
VdnRY4_7789		1.5453309	
PBdnRY1_10473		1.5449592	
CLCdnDe14_8463		1.5443056	
VdnPW2_8347		1.5379167	
CLCdnPW50_2678		1.5331393	
CLCdnPW22_15452		1.5319546	
PGSC0003DMP400046624		1.5251855	
PBdnRY1_963		1.5207052	
CLCdnDe14_82286		1.5157346	
CLCdnRY7_2279		1.5156658	
VdnPW2_33091		1.5152361	
CLCdnPW6_594		1.5063065	
CLCdnPW42_35505		1.5061609	
PBdnRY1_13225		1.4771684	
VdnPW5_16042		1.4757831	
CLCdnDe3_1190		1.4729019	
CLCdnDe13_29347		1.4654685	
CLCdnPW11_6398		1.4648126	
VdnDe1_111874		1.4543802	
CLCdnRY10_1430		1.4426012	
CLCdnDe7_128107		1.4380183	
CLCdnPW15_16969		1.4356422	
CLCdnRY10_31282		1.4352041	
CLCdnPW10_34024		1.4323843	
PBdnRY1_7078		1.4183564	
VdnPW2_26163		1.4109021	
CLCdnPW49_15015		1.4055345	
CLCdnPW17_8112		1.3954906	
CLCdnDe12_5600		1.3922305	
CLCdnDe14_85413		1.3753773	
CLCdnPW41_9933		1.3687857	
SdnPW1_4729		1.3680104	
PBdnRY1_14000		1.3673701	
TPW_comp60052_c0_seq1		1.3659995	
CLCdnDe7_10340		1.3647301	
PBdnRY1_14085		1.3617122	
CLCdnDe3_1276		1.3546647	
CLCdnRY11_6668		1.3544011	
VdnDe2_83868		1.3541625	
CLCdnDe12_8195		1.3505533	
CLCdnDe3_21802		1.3479886	
CLCdnDe12_2416		1.3449302	
VdnPW3_28804		1.3427713	
TDe_comp107702_c1_seq2		1.3416228	
PBdnRY1_2131		1.3387614	
CLCdnPW10_4933		1.3347974	
CLCdnDe10_10537		1.329439	
CLCdnDe11_20293		1.3122447	
CLCdnDe12_6233		1.3121519	
VdnDe3_169588		1.3086026	
SdnPW1_5837		1.3055484	
VdnDe4_112658		1.3049377	
TDe_comp110864_c0_seq1		1.2983938	
VdnDe4_3153		1.2900128	
CLCdnPW26_12308		1.2864295	
PGSC0003DMP400015703		1.2766657	
CLCdnPW48_2212		1.2740419	
CLCdnPW11_5970		1.2692271	
CLCdnPW45_12230		1.2671254	
CLCdnPW39_856		1.2668957	
CLCdnDe10_3042		1.2596164	
CLCdnPW14_11013		1.2571902	
PBdnRY1_6664		1.2522912	
CLCdnDe12_21239		1.2447151	
CLCdnDe10_908		1.2435942	
CLCdnRY10_23260		1.2405144	
Sotub08g021290.1.1		1.2389566	
Sotub03g014640.1.1		1.2385526	
CLCdnPW32_8129		1.2303488	
VdnPW1_26652		1.2303445	
CLCdnPW31_956		1.2270442	
PBdnRY1_7278		1.2234149	
VdnDe4_28335		1.2218503	
CLCdnDe10_10354		1.2199051	
Sotub01g009180.1.1		1.2193364	
CLCdnDe14_16897		1.217176	
CLCdnPW28_2888		1.2138828	
CLCdnDe14_13548		1.2137681	
CLCdnDe5_21924		1.2134615	
VdnDe2_21626		1.2134027	
CLCdnPW45_5979		1.2132818	
SdnRY1_31121		1.2130518	
VdnDe2_93936		1.2128779	
SdnRY1_20063		1.2125372	
CLCdnDe14_812		1.2123902	
CLCdnDe1_19708		1.2003263	
CLCdnRY9_1745		1.1965308	
PBdnRY1_12800		1.1852156	
PBdnRY1_13717		1.1844985	
CLCdnRY12_8396		1.1822754	
VdnDe2_14318		1.1794778	
VdnPW5_2060		1.1772516	
VdnDe1_90251		1.1771927	
CLCdnDe2_23231		1.1753479	
CLCdnDe14_177		1.1689148	
PBdnRY1_13790		1.1657032	
VdnPW2_12689		1.1627265	
CLCdnDe12_15159		1.1617008	
CLCdnDe14_6423		1.1546042	
CLCdnDe13_14368		1.15424	
TDe_comp100302_c0_seq1		1.1539145	
Sotub08g025900.1.1		1.1514255	
VdnPW5_6786		1.1504631	
CLCdnDe10_22643		1.1474124	
VdnDe1_53128		1.1460259	
CLCdnPW44_20274		1.1456429	
CLCdnPW2_10053		1.1453304	
VdnDe2_1401		1.1450151	
CLCdnPW28_3161		1.1351022	
VdnDe4_43009		1.1321644	
Sotub12g015780.1.1		1.1320516	
CLCdnPW12_21687		1.131103	
VdnDe1_107032		1.1310441	
VdnDe2_163268		1.1309286	
CLCdnRY10_29297		1.130842	
CLCdnDe4_54899		1.1307145	
CLCdnDe1_1469		1.1301148	
CLCdnRY10_26018		1.1294937	
CLCdnDe13_12390		1.1283141	
VdnDe1_235265		1.1282599	
SdnPW1_3868		1.1271307	
CLCdnDe1_20006		1.1244862	
CLCdnDe11_456		1.1243714	
VdnPW3_1502		1.1181172	
Sotub02g010460.1.1		1.1153939	
CLCdnDe10_9237		1.1086165	
Sotub02g010580.1.1		1.1074173	
VdnDe1_290022		1.107242	
CLCdnRY2_4087		1.1062254	
VdnPW1_79844		1.1025399	
CLCdnPW45_3618		1.0962809	
CLCdnRY10_8353		1.0950358	
CLCdnDe7_126591		1.0935959	
CLCdnPW12_2585		1.0927647	
CLCdnDe13_5738		1.0896312	
VdnPW4_5709		1.0873615	
VdnPW1_24335		1.0864371	
SdnPW1_12254		1.0859424	
CLCdnRY10_15537		1.08536	
VdnDe3_86444		1.0836506	
CLCdnDe13_2902		1.0787071	
CLCdnDe4_21483		1.0733217	
SdnPW1_2430		1.0728058	
Sotub01g034510.1.1		1.0727088	
PBdnRY1_5363		1.0719208	
CLCdnRY12_3788		1.0716119	
CLCdnDe13_4049		1.0661819	
CLCdnRY5_2384		1.0602165	
TDe_comp106622_c0_seq7		1.0552819	
PBdnRY1_12988		1.0482906	
CLCdnDe12_560		1.0480397	
PBdnRY1_125		1.0396923	
VdnDe1_50967		1.0392971	
PBdnRY1_185		1.0383363	
SdnPW1_4958		1.0329424	
CLCdnDe5_31974		1.0307913	
Sotub08g021270.1.1		1.0290582	
VdnPW3_9743		1.0275536	
SdnRY1_20652		1.0262439	
CLCdnRY12_2509		1.0237094	
CLCdnRY3_10374		1.0228627	
VdnPW3_2461		1.02283	
VdnPW3_15885		1.0216722	
VdnPW4_87262		1.0201979	
CLCdnDe10_18390		1.0194198	
CLCdnDe14_3777		1.0167793	
VdnDe3_22658		1.015339	
CLCdnPW2_5667		1.0147827	
CLCdnRY1_15293		1.0130807	
CLCdnDe7_4892		1.012309	
CLCdnDe12_7557		1.0117519	
VdnDe3_60442		1.0105103	
CLCdnDe5_41267		1.009441	
CLCdnPW13_13659		1.0091648	
PBdnRY1_13207		1.0045428	
VdnDe1_18377		1.0040648	
SdnPW1_6169		0.999336	
CLCdnDe11_3747		0.99897844	
VdnDe1_213606		0.99889696	
CLCdnDe11_9443		0.9971815	
CLCdnRY11_12284		0.9958878	
CLCdnRY6_297		0.99148077	
CLCdnPW50_58437		0.9882039	
SdnPW1_21651		0.98197	
CLCdnDe14_29392		0.9725815	
VdnDe2_50828		0.968162	
VdnDe3_62659		0.9676758	
SdnPW1_2096		0.96740055	
CLCdnDe6_10291		0.9663793	
TDe_comp109643_c2_seq3		0.9660011	
CLCdnRY3_9186		0.95571315	
VdnPW1_97052		0.95539206	
SdnRY1_8001		0.9529205	
VdnPW2_58104		0.9520915	
SdnRY1_16802		0.950887	
PBdnRY1_14531		0.94532293	
VdnRY6_5686		0.94524544	
VdnPW5_4870		0.9430511	
CLCdnRY1_1927		0.93885404	
CLCdnDe1_2789		0.9340336	
PBdnRY1_8638		0.9323482	
CLCdnRY8_17010		0.93224734	
Sotub01g017070.1.1		0.9320751	
VdnPW2_38394		0.9294096	
CLCdnDe13_3516		0.92810595	
VdnDe1_845		0.9262621	
Sotub07g006170.1.1		0.92557716	
CLCdnDe6_1172		0.9243955	
VdnDe1_731		0.92413855	
CLCdnDe12_30183		0.92371905	
PBdnRY1_329		0.9231213	
CLCdnPW50_26430		0.9225283	
PBdnRY1_6886		0.9222857	
CLCdnPW1_6517		0.92106855	
VdnDe1_115966		0.9208967	
VdnDe1_241115		0.9208944	
CLCdnPW12_34378		0.91957986	
SdnPW1_9440		0.9186044	
SdnRY1_24926		0.9180785	
CLCdnRY10_15876		0.9157709	
CLCdnPW32_6348		0.9145017	
CLCdnPW2_17232		0.9106311	
TDe_comp106682_c6_seq4		0.90828145	
PBdnRY1_11303		0.9030005	
VdnPW3_12033		0.90288055	
CLCdnDe14_25563		0.9020605	
CLCdnDe11_13823		0.90021735	
VdnPW1_115968		0.89643997	
VdnDe1_187238		0.8951334	
VdnPW4_18978		0.89140046	
CLCdnRY10_6181		0.890315	
CLCdnDe12_6148		0.88762397	
Sotub08g010540.1.1		0.8836098	
CLCdnPW12_13662		0.8780672	
VdnPW4_24682		0.8756266	
CLCdnRY2_11642		0.87513226	
CLCdnDe7_872		0.8751199	
VdnDe3_147632		0.8676297	
PBdnRY1_10503		0.86555654	
VdnPW3_9839		0.8654272	
VdnPW1_172175		0.86399853	
CLCdnDe10_2962		0.8634423	
CLCdnDe8_2802		0.8621839	
PGSC0003DMP400046691		0.86171246	
PBdnRY1_2394		0.8614338	
VdnDe3_74046		0.8541986	
CLCdnDe11_14905		0.851201	
CLCdnRY10_652		0.84948826	
Sotub06g030610.1.1		0.8473796	
CLCdnPW28_13844		0.8472698	
PBdnRY1_12899		0.84678704	
SdnRY1_7875		0.84670603	
SdnPW1_7018		0.84614265	
PBdnRY1_6780		0.8449609	
CLCdnRY10_1601		0.8431859	
CLCdnDe2_6186		0.8395711	
CLCdnPW45_4851		0.83751136	
CLCdnDe7_73879		0.83704275	
CLCdnRY10_4423		0.83662117	
TDe_comp107606_c0_seq1		0.83562994	
VdnDe1_177681		0.83454835	
CLCdnPW1_2104		0.83250153	
SdnPW1_46		0.8299135	
CLCdnDe4_4175		0.82713205	
CLCdnRY10_4993		0.8262123	
CLCdnDe6_17513		0.8238671	
VdnPW1_43655		0.82335126	
CLCdnPW37_938		0.8225247	
CLCdnDe10_11698		0.8202721	
VdnPW2_85698		0.81946623	
CLCdnDe11_43915		0.81930834	
VdnDe3_168		0.8188959	
CLCdnDe6_14863		0.8185867	
CLCdnPW10_6535		0.81843454	
VdnDe6_1697		0.8167804	
VdnDe2_110649		0.8167131	
CLCdnRY10_5304		0.8158426	
Sotub01g021770.1.1		0.81259656	
CLCdnDe14_1452		0.8096915	
CLCdnDe13_19178		0.8091055	
PBdnRY1_9878		0.80696464	
Sotub03g031240.1.1		0.80525404	
TDe_comp110912_c0_seq1		0.80516505	
VdnDe6_83995		0.8036193	
CLCdnRY5_12224		0.8025444	
VdnPW1_59406		0.80248463	
CLCdnPW50_1313		0.7976599	
VdnPW1_50594		0.7969687	
CLCdnPW19_17320		0.795905	
SdnPW1_5557		0.79518515	
VdnDe1_71427		0.7946634	
PGSC0003DMP400054026		0.7944855	
CLCdnPW6_2052		0.79417163	
SdnRY1_22609		0.7932025	
PBdnRY1_6392		0.7901616	
SdnRY1_2834		0.78972644	
CLCdnPW2_3438		0.78756726	
CLCdnDe12_18139		0.7854938	
CLCdnDe13_2631		0.7825877	
CLCdnDe10_23900		0.7793929	
VdnDe1_60815		0.77721673	
CLCdnDe10_4536		0.77654827	
CLCdnDe12_9714		0.7742551	
VdnPW2_69078		0.77234936	
CLCdnPW17_3688		0.7707692	
CLCdnPW18_7834		0.77053106	
Sotub11g025350.1.1		0.7700827	
VdnPW1_18234		0.7674791	
VdnDe1_136154		0.766595	
CLCdnPW36_18944		0.76468533	
CLCdnDe5_3919		0.76453465	
CLCdnDe13_12758		0.7608191	
Sotub06g032750.1.1		0.7589626	
CLCdnDe11_15363		0.7586318	
VdnDe1_187018		0.7557372	
VdnPW4_7566		0.7557211	
CLCdnRY8_4340		0.7554032	
VdnPW3_24285		0.7552476	
CLCdnRY1_19090		0.7552463	
SdnRY1_5724		0.7544294	
CLCdnDe6_67		0.7531728	
VdnDe4_67515		0.75237083	
VdnPW4_47141		0.75131035	
PGSC0003DMP400033989		0.7508142	
CLCdnPW50_4350		0.75039846	
Sotub01g010830.1.1		0.75034547	
VdnDe3_29744		0.7503266	
CLCdnDe12_7797		0.750071	
CLCdnRY1_2230		0.7500599	
VdnDe1_237023		0.7500498	
Sotub06g022800.1.1		0.7500202	
CLCdnPW26_75041		0.7499963	
CLCdnPW50_8565		0.7498944	
CLCdnPW49_41777		0.74981153	
TDe_comp72132_c0_seq3		0.7496564	
CLCdnDe11_6142		0.7483831	
CLCdnDe10_4579		0.74837285	
VdnDe2_38687		0.7472436	
CLCdnDe11_13969		0.74673843	
SdnPW1_22645		0.7459912	
VdnDe5_16160		0.74470115	
SdnRY1_33923		0.74458057	
TDe_comp106091_c0_seq1		0.7424104	
CLCdnDe12_2161		0.7422389	
CLCdnDe13_40396		0.74220896	
VdnDe1_332603		0.7420153	
CLCdnDe12_7623		0.7417928	
CLCdnDe10_4175		0.7417729	
Sotub02g007400.1.1		0.74172616	
SdnPW1_21002		0.74172616	
VdnDe2_16006		0.7417041	
CLCdnDe14_79922		0.7409043	
CLCdnPW48_664		0.7399987	
CLCdnRY6_13934		0.7373787	
VdnPW1_154010		0.73716533	
CLCdnDe8_557		0.73553896	
PBdnRY1_13840		0.7343483	
PBdnRY1_10176		0.73366404	
Sotub05g029450.1.1		0.7321415	
CLCdnPW10_7893		0.7311136	
CLCdnRY10_36097		0.72961664	
CLCdnDe7_39137		0.7288317	
SdnRY1_20551		0.72843057	
CLCdnRY10_18528		0.72649556	
CLCdnDe7_115325		0.7258624	
CLCdnDe7_12402		0.7258324	
CLCdnDe13_1559		0.7248147	
CLCdnRY10_2823		0.72439593	
CLCdnPW2_256		0.72322005	
SdnRY1_32648		0.7209333	
CLCdnDe11_7653		0.7208735	
CLCdnDe13_9432		0.7199793	
PBdnRY1_9735		0.7187881	
PBdnRY1_6425		0.7170153	
PBdnRY1_7009		0.7159076	
CLCdnPW28_27086		0.71499485	
CLCdnDe14_3928		0.7141025	
VdnPW3_34157		0.7099277	
VdnPW1_148920		0.70992494	
PBdnRY1_8959		0.7096496	
CLCdnDe4_1380		0.7092001	
SdnPW1_23630		0.70859116	
CLCdnPW46_15203		0.7085209	
CLCdnPW50_582		0.7071548	
Sotub05g012900.1.1		0.70659703	
CLCdnDe10_12874		0.7054065	
VdnDe1_185075		0.7047679	
VdnPW6_10348		0.70115393	
CLCdnDe13_17687		0.7002923	
VdnPW2_10738		0.69950056	
CLCdnPW12_30149		0.6990283	
CLCdnDe6_945		0.6985923	
CLCdnPW5_118		0.69793403	
CLCdnDe7_7285		0.6978893	
CLCdnRY3_1648		0.6939989	
CLCdnRY11_35557		0.6924045	
Sotub01g025600.1.1		0.69204247	
CLCdnDe7_16488		0.6918509	
Sotub09g024500.1.1		0.691337	
CLCdnDe7_6144		0.6875547	
CLCdnDe14_16683		0.6873559	
CLCdnDe2_38464		0.68418777	
CLCdnDe12_9629		0.6835715	
CLCdnDe14_32423		0.68320674	
VdnPW1_168727		0.6828882	
PBdnRY1_13135		0.6827988	
SdnRY1_28726		0.67937577	
PBdnRY1_11880		0.67858917	
VdnPW1_10959		0.67714244	
PGSC0003DMP400054155		0.67623264	
CLCdnDe1_4029		0.6756907	
CLCdnDe11_30967		0.6739491	
PBdnRY1_13974		0.6739215	
PBdnRY1_5588		0.67114204	
VdnPW4_8882		0.6710553	
CLCdnDe1_17375		0.6710317	
CLCdnRY11_3712		0.6710184	
CLCdnDe10_32937		0.67097545	
CLCdnDe10_1742		0.6705075	
CLCdnPW22_4338		0.6694592	
CLCdnPW47_4671		0.6691031	
PBdnRY1_13748		0.66658	
TDe_comp102260_c0_seq3		0.6657502	
CLCdnDe10_34058		0.6654638	
PBdnRY1_4964		0.6645592	
CLCdnRY10_24179		0.6633811	
CLCdnPW28_4348		0.6631016	
CLCdnPW16_568		0.66205204	
CLCdnDe7_4951		0.6605026	
VdnDe3_2866		0.65963686	
VdnDe4_119014		0.6594801	
CLCdnDe12_4986		0.6594313	
Sotub04g014060.1.1		0.65791506	
CLCdnDe13_43682		0.6570316	
CLCdnDe10_10655		0.65459955	
VdnPW1_163175		0.65238476	
CLCdnRY3_6666		0.6520072	
CLCdnPW12_3869		0.6490388	
VdnDe3_134915		0.6485606	
CLCdnPW20_3706		0.6480676	
CLCdnPW49_4894		0.64757085	
VdnDe2_5268		0.64568025	
VdnDe3_38849		0.6453044	
TDe_comp99376_c0_seq1		0.6417408	
CLCdnPW11_8489		0.63931096	
CLCdnDe4_21224		0.6349923	
VdnPW4_2094		0.6345318	
VdnPW2_100238		0.63373685	
VdnPW4_21625		0.6312571	
TPW_comp69543_c0_seq2		0.63071024	
CLCdnPW16_1959		0.6304329	
CLCdnDe12_51		0.63033056	
Sotub07g029230.1.1		0.6280389	
CLCdnPW2_25244		0.62786824	
CLCdnPW46_6137		0.6226321	
VdnDe3_88959		0.62245935	
CLCdnRY1_14188		0.61762965	
CLCdnDe2_12144		0.61733854	
VdnPW4_18496		0.616602	
CLCdnPW12_15187		0.61639935	
VdnPW3_44373		0.61567974	
CLCdnRY11_9442		0.6147938	
PBdnRY1_3312		0.6146071	
VdnPW2_16631		0.61218065	
SdnRY1_34		0.61085683	
CLCdnPW10_4550		0.6098878	
PBdnRY1_2408		0.6097653	
CLCdnDe10_3254		0.6094193	
CLCdnPW12_4428		0.60869956	
VdnDe3_63264		0.607555	
CLCdnDe13_25619		0.6059268	
VdnDe1_90968		0.6038861	
CLCdnDe7_617		0.60287	
SdnRY1_15889		0.6023114	
PGSC0003DMP402000055		0.6002238	
CLCdnDe7_90626		0.59946877	
Sotub01g020160.1.1		0.599416	
CLCdnDe11_57157		0.5993679	
CLCdnDe13_30513		0.5976036	
VdnPW2_17980		0.59752154	
VdnPW3_9468		0.5955336	
CLCdnPW2_20566		0.5946097	
SdnRY1_11563		0.594422	
CLCdnPW2_2082		0.59193045	
Sotub05g017660.1.1		0.59177125	
CLCdnRY3_6191		0.5912901	
VdnPW3_52976		0.5910645	
SdnRY1_30443		0.59071153	
PBdnRY1_4009		0.5905982	
CLCdnRY11_5070		0.59044546	
CLCdnDe7_18368		0.59024763	
VdnPW1_46751		0.58906007	
CLCdnRY10_27213		0.58812803	
CLCdnPW49_30799		0.5866541	
CLCdnPW49_1930		0.5858468	
CLCdnDe4_25247		0.5824379	
CLCdnPW11_8796		0.58216023	
CLCdnDe10_5550		0.5818374	
VdnPW4_17739		0.581578	
VdnPW3_6481		0.581253	
Sotub02g037340.1.1		0.5809876	
VdnPW1_27534		0.5783039	
VdnDe3_16508		0.5782883	
CLCdnDe14_26444		0.57727575	
VdnPW1_100439		0.5750175	
VdnPW1_141678		0.57400626	
CLCdnDe5_34878		0.5725721	
VdnPW1_27054		0.5696635	
CLCdnDe14_23074		0.56954974	
VdnPW1_72667		0.5689544	
CLCdnDe10_3412		0.566468	
PBdnRY1_3323		0.5662887	
VdnPW2_90586		0.5662248	
CLCdnDe8_6607		0.56478924	
SdnRY1_22413		0.56361794	
CLCdnDe6_57820		0.5633291	
CLCdnDe7_15102		0.5624358	
CLCdnDe9_13453		0.56242764	
CLCdnPW49_9540		0.56184965	
SdnRY1_20298		0.56142396	
PGSC0003DMP402000149		0.5603788	
VdnDe1_59177		0.5602306	
SdnRY1_5783		0.559727	
PBdnRY1_8468		0.55945325	
Sotub03g023430.1.1		0.55776376	
CLCdnDe3_5180		0.55706745	
CLCdnDe5_6359		0.556603	
CLCdnDe10_2990		0.556421	
VdnDe3_15754		0.555847	
CLCdnDe13_7473		0.5551357	
CLCdnRY10_11665		0.5536037	
PGSC0003DMP400068407		0.55207795	
CLCdnRY8_1163		0.5504886	
CLCdnPW10_626		0.5504458	
CLCdnDe13_5576		0.5498536	
Sotub10g024560.1.1		0.54956114	
CLCdnDe14_4042		0.5495293	
VdnDe1_219514		0.54952437	
CLCdnDe7_8600		0.5494756	
VdnPW3_71904		0.5481779	
TDe_comp108769_c0_seq6		0.5481329	
TDe_comp113798_c0_seq5		0.54683286	
VdnDe2_32065		0.5441164	
CLCdnPW1_202		0.54396814	
PBdnRY1_6755		0.5429818	
VdnDe6_64187		0.5426139	
VdnPW3_6633		0.54223496	
VdnDe2_62789		0.54205394	
CLCdnPW35_289		0.54192734	
Sotub11g025210.1.1		0.5400438	
CLCdnPW16_2356		0.53992	
CLCdnDe12_21408		0.5398055	
PBdnRY1_11896		0.53899705	
CLCdnPW28_5188		0.53787136	
CLCdnPW28_10392		0.5372064	
CLCdnPW10_18989		0.5356465	
CLCdnPW46_6011		0.5345334	
CLCdnPW48_16109		0.5339288	
CLCdnDe14_1516		0.53382176	
SdnRY1_31727		0.5315877	
CLCdnDe12_12235		0.5315405	
VdnPW1_36105		0.5307323	
CLCdnDe12_3788		0.53068495	
CLCdnDe12_1531		0.5305326	
CLCdnDe10_6500		0.5299859	
PBdnRY1_13014		0.52955633	
CLCdnDe14_6774		0.52614504	
CLCdnDe12_24364		0.52601206	
PBdnRY1_276		0.5239402	
CLCdnRY6_4491		0.52385694	
CLCdnDe12_13225		0.5224409	
CLCdnRY7_4141		0.5224156	
Sotub06g005500.1.1		0.52016336	
VdnDe2_100071		0.5201601	
VdnDe5_103064		0.52008706	
CLCdnDe11_1729		0.5175214	
CLCdnDe11_4900		0.51690364	
CLCdnRY10_4923		0.5157475	
CLCdnDe10_3547		0.51495993	
VdnPW2_77928		0.51420826	
PGSC0003DMP400031314		0.5133111	
CLCdnRY4_7536		0.512477	
PBdnRY1_2234		0.51235867	
CLCdnPW19_42981		0.5120507	
VdnRY3_10132		0.511959	
VdnDe3_60152		0.51099527	
SdnRY1_12018		0.50998956	
CLCdnPW10_4222		0.5097806	
Sotub08g006500.1.1		0.5096499	
CLCdnRY12_36591		0.5092492	
CLCdnDe11_8676		0.50905585	
CLCdnDe5_4983		0.5065172	
CLCdnRY12_7121		0.50480175	
PGSC0003DMP400006167		0.5026174	
CLCdnDe13_54754		0.5007186	
VdnPW1_24508		0.50068	
CLCdnPW16_12910		0.49759606	
VdnDe3_35139		0.4971613	
VdnPW1_59562		0.4961934	
CLCdnDe6_3637		0.4961631	
CLCdnPW14_10990		0.49532366	
CLCdnPW12_1472		0.49434948	
VdnPW4_22158		0.4939428	
CLCdnDe13_2857		0.49390218	
SdnRY1_22524		0.49262792	
VdnPW2_68413		0.49139675	
CLCdnDe6_3327		0.49093604	
VdnDe2_10594		0.4907947	
VdnDe1_29121		0.48954436	
PBdnRY1_12359		0.48663753	
CLCdnRY12_6857		0.4861155	
CLCdnPW10_14289		0.48609528	
VdnDe2_64169		0.48129126	
VdnPW1_80875		0.47858593	
VdnPW4_294		0.47817293	
CLCdnDe14_2280		0.4776419	
CLCdnRY10_24134		0.4760832	
PBdnRY1_115		0.47503832	
CLCdnPW12_3818		0.4749658	
VdnPW3_6108		0.47407836	
CLCdnRY4_3668		0.4736011	
VdnPW1_22869		0.47283992	
VdnPW1_71906		0.47257048	
CLCdnRY5_10922		0.47153357	
VdnPW4_17893		0.46886444	
CLCdnDe1_3437		0.46879932	
Sotub09g006740.1.1		0.46864823	
SdnRY1_6270		0.46793228	
CLCdnDe2_3432		0.46774122	
VdnPW1_21177		0.46656528	
CLCdnDe13_12362		0.4661386	
CLCdnPW11_12715		0.465944	
PBdnRY1_3641		0.46454036	
Sotub06g024500.1.1		0.46397972	
CLCdnDe12_113731		0.4639674	
TDe_comp109143_c2_seq8		0.4639332	
CLCdnDe13_77008		0.46389818	
CLCdnDe14_76735		0.46387026	
CLCdnDe8_1115		0.46384147	
CLCdnRY10_15072		0.46380487	
VdnPW2_107274		0.4637611	
Sotub10g005720.1.1		0.463669	
CLCdnPW10_9173		0.4636255	
CLCdnDe6_34542		0.4635065	
Sotub12g005390.1.1		0.46292815	
SdnRY1_17328		0.4625333	
CLCdnDe14_10274		0.4621024	
SdnRY1_36003		0.46096456	
CLCdnDe6_15302		0.4607087	
CLCdnPW16_18238		0.4587519	
CLCdnRY9_3920		0.4587076	
VdnDe2_2415		0.45816308	
Sotub05g017640.1.1		0.45813587	
CLCdnDe1_1315		0.4565993	
CLCdnDe5_9139		0.45631367	
CLCdnRY11_6830		0.456212	
Sotub12g005160.1.1		0.4561909	
CLCdnDe7_21519		0.45558384	
CLCdnDe10_21197		0.4527849	
CLCdnPW24_887		0.45253456	
SdnRY1_9867		0.45219398	
CLCdnDe6_28397		0.4517012	
CLCdnDe14_40649		0.45153317	
VdnDe3_60563		0.45144206	
CLCdnDe13_69195		0.45089543	
VdnDe2_3401		0.4502618	
CLCdnDe6_30343		0.4500895	
SdnRY1_8750		0.4497463	
PBdnRY1_1041		0.44947788	
CLCdnPW19_17654		0.44781947	
VdnDe1_96621		0.44624597	
CLCdnDe5_38801		0.4452031	
CLCdnDe7_28178		0.444101	
SdnRY1_21082		0.44382077	
PBdnRY1_813		0.44373417	
CLCdnPW10_2612		0.4434617	
VdnPW1_94603		0.4420543	
Sotub04g023520.1.1		0.4418577	
CLCdnDe6_10566		0.4412822	
CLCdnPW16_1066		0.44121253	
PBdnRY1_2116		0.43918288	
CLCdnDe7_19744		0.43847045	
VdnDe2_165088		0.4384387	
CLCdnRY10_16429		0.4383921	
CLCdnDe12_4787		0.438241	
CLCdnDe6_13014		0.43637493	
CLCdnPW2_6429		0.43632248	
CLCdnPW21_22748		0.43571097	
CLCdnRY2_37694		0.43541795	
VdnDe5_17132		0.4339912	
CLCdnPW36_19743		0.43324766	
CLCdnPW13_23790		0.43261427	
CLCdnDe6_15688		0.43047804	
CLCdnDe7_22843		0.4280043	
SdnRY1_25618		0.42742074	
Sotub11g028040.1.1		0.42645824	
VdnDe6_17049		0.42501122	
CLCdnDe4_23096		0.42385715	
CLCdnDe12_23321		0.42168638	
VdnPW4_1726		0.42074737	
VdnDe4_109636		0.42041886	
VdnPW1_9153		0.42002213	
SdnRY1_24088		0.41896617	
CLCdnDe7_5352		0.4185133	
VdnPW3_21188		0.41655487	
VdnPW2_90072		0.4164674	
VdnPW3_38152		0.41637006	
VdnPW4_10086		0.4156789	
CLCdnDe13_11491		0.41561803	
VdnDe2_81111		0.41557437	
VdnPW2_62271		0.41526842	
CLCdnDe13_4940		0.41507792	
VdnDe2_149006		0.41462794	
CLCdnRY10_25358		0.4116587	
CLCdnDe14_47736		0.41126487	
CLCdnDe6_3094		0.4106317	
VdnPW3_20019		0.4103652	
VdnDe5_68843		0.40915003	
SdnRY1_21270		0.40745595	
VdnPW3_40624		0.40454414	
VdnPW2_31690		0.4040926	
VdnPW2_44		0.40382817	
VdnDe5_20143		0.40381503	
CLCdnDe8_1230		0.399694	
VdnDe1_76598		0.39906627	
VdnPW5_1148		0.3985913	
CLCdnPW36_4433		0.3979867	
CLCdnDe13_11941		0.39718813	
CLCdnPW21_2593		0.39691573	
VdnDe4_158770		0.39572573	
CLCdnRY10_648		0.3950327	
VdnDe2_37757		0.3912879	
SdnPW1_12760		0.39117187	
VdnPW2_35175		0.39114824	
PGSC0003DMP400022558		0.39102268	
CLCdnDe11_2260		0.39079255	
SdnRY1_746		0.3903784	
PBdnRY1_12454		0.38851982	
CLCdnDe11_13586		0.3875957	
CLCdnDe12_40955		0.38711846	
VdnPW3_7186		0.38652787	
SdnRY1_21322		0.38535723	
CLCdnPW16_7479		0.38517135	
CLCdnDe5_3863		0.3841034	
CLCdnDe14_4965		0.38250783	
CLCdnRY10_976		0.38127044	
CLCdnPW12_2872		0.3800305	
PBdnRY1_5389		0.37948233	
CLCdnDe8_1934		0.37941673	
CLCdnPW12_13286		0.37679243	
VdnDe2_47299		0.37647885	
CLCdnPW2_10576		0.3762171	
CLCdnRY1_4907		0.37361562	
CLCdnDe11_57206		0.3731888	
CLCdnDe7_17892		0.3727167	
CLCdnDe1_8545		0.37255958	
PBdnRY1_6241		0.37184912	
VdnDe1_41558		0.37159792	
VdnPW3_87158		0.37148222	
TDe_comp94444_c0_seq1		0.37068123	
VdnDe1_238450		0.36706677	
CLCdnPW50_5757		0.36628994	
Sotub09g009240.1.1		0.36576104	
VdnDe3_12723		0.36456648	
VdnDe1_48301		0.36411813	
CLCdnPW13_907		0.3634026	
CLCdnPW27_2854		0.36200857	
CLCdnPW25_10053		0.3608617	
VdnDe2_86784		0.3595476	
CLCdnDe11_9533		0.35863587	
CLCdnRY10_30018		0.35762918	
CLCdnDe12_16742		0.35664544	
VdnPW2_55974		0.3559511	
CLCdnDe14_50431		0.35575074	
CLCdnRY10_17757		0.35538554	
CLCdnPW2_4058		0.35520095	
Sotub05g007200.1.1		0.35443956	
CLCdnDe10_2731		0.3543962	
Sotub10g025690.1.1		0.35276803	
VdnPW6_7974		0.3526214	
VdnPW2_132540		0.3525316	
CLCdnDe8_414		0.35025957	
PBdnRY1_7645		0.35009477	
VdnPW2_93141		0.34992784	
VdnDe4_111821		0.34942278	
CLCdnRY10_3923		0.349374	
CLCdnPW49_25499		0.34854817	
VdnPW1_97996		0.3478196	
VdnPW4_55109		0.34773043	
CLCdnDe13_7707		0.34746468	
CLCdnDe7_4246		0.34329805	
CLCdnDe7_2777		0.34286985	
CLCdnRY10_26963		0.34254882	
CLCdnDe7_499		0.34203517	
CLCdnDe5_4945		0.34184077	
CLCdnDe12_932		0.3414737	
VdnPW2_115977		0.3401916	
CLCdnDe6_4998		0.33972824	
PGSC0003DMP400036115		0.33943933	
CLCdnPW20_4584		0.3393322	
VdnPW6_14412		0.33749038	
VdnPW2_62243		0.3374167	
VdnDe3_158545		0.33740667	
CLCdnDe14_4317		0.33623087	
VdnDe3_168157		0.3354828	
CLCdnDe10_3020		0.33487797	
CLCdnDe13_63179		0.33313474	
PBdnRY1_12836		0.33169344	
CLCdnDe2_3319		0.3306088	
CLCdnDe7_13021		0.33053955	
TPW_comp72602_c0_seq5		0.33053637	
VdnPW2_18671		0.32959855	
TDe_comp109748_c0_seq2		0.3287646	
CLCdnRY4_2404		0.32769313	
CLCdnPW13_5080		0.32661474	
CLCdnPW50_10127		0.32605317	
SdnPW1_37721		0.32599577	
VdnDe4_50048		0.32578272	
VdnPW2_123076		0.32544652	
SdnRY1_44679		0.32493526	
VdnDe1_35991		0.32450595	
CLCdnPW48_11703		0.32058978	
CLCdnRY11_4040		0.31959802	
CLCdnPW12_1260		0.31943753	
CLCdnPW20_20527		0.31923085	
PBdnRY1_1217		0.31815594	
VdnPW1_62368		0.31802034	
VdnDe1_228958		0.31794325	
VdnPW4_9201		0.31475377	
TPW_comp65490_c0_seq2		0.31466228	
CLCdnDe10_333		0.31425506	
CLCdnDe6_5139		0.31190625	
CLCdnPW50_6545		0.31141818	
CLCdnRY5_8407		0.31047645	
CLCdnPW2_10586		0.31002426	
CLCdnPW10_6850		0.30940497	
VdnPW2_12913		0.30917522	
CLCdnRY3_13530		0.30847543	
VdnDe4_67656		0.30820107	
CLCdnDe12_3699		0.30709013	
VdnDe2_39865		0.3069066	
VdnPW1_9873		0.30626664	
CLCdnPW38_27414		0.30467197	
CLCdnPW35_28074		0.30432692	
CLCdnRY11_370		0.30374837	
CLCdnDe11_103168		0.30366984	
VdnPW2_50979		0.3016757	
CLCdnRY12_9763		0.3014075	
CLCdnPW10_44590		0.30114198	
VdnPW1_181727		0.29858124	
Sotub03g006080.1.1		0.2984882	
VdnPW1_51466		0.29743257	
CLCdnPW2_10339		0.29738078	
CLCdnPW10_7192		0.2970041	
Sotub01g010370.1.1		0.29666644	
VdnDe4_69219		0.29610503	
CLCdnDe11_32855		0.29609033	
VdnDe4_135480		0.29558587	
CLCdnPW16_3669		0.29442096	
VdnDe3_2498		0.29310766	
CLCdnPW50_8698		0.29306963	
CLCdnDe6_10702		0.29299152	
VdnDe1_14310		0.292358	
CLCdnRY8_6490		0.2884905	
CLCdnDe2_464		0.28761336	
VdnPW1_169248		0.28715077	
CLCdnRY12_15989		0.28673774	
CLCdnDe13_21517		0.2866714	
VdnPW4_36166		0.28631657	
VdnDe2_7137		0.28579167	
PBdnRY1_6231		0.28542048	
VdnPW5_8643		0.28312245	
CLCdnRY11_6006		0.2817295	
CLCdnPW12_574		0.28130844	
SdnRY1_11101		0.28111804	
SdnPW1_299		0.2803355	
CLCdnDe7_4499		0.2785662	
SdnRY1_16999		0.2771833	
CLCdnDe10_11399		0.27693185	
CLCdnPW15_4783		0.27649406	
CLCdnDe14_41511		0.27627763	
SdnRY1_23910		0.2760589	
CLCdnDe2_6294		0.27562305	
VdnDe2_61703		0.27349898	
SdnPW1_32038		0.27282605	
CLCdnPW2_1475		0.272601	
PBdnRY1_11637		0.27259403	
CLCdnPW2_6331		0.2725872	
VdnPW1_27723		0.26813152	
VdnPW1_155291		0.26704136	
CLCdnPW10_11914		0.26623344	
CLCdnPW12_7057		0.26522458	
TDe_comp109272_c0_seq1		0.26413143	
CLCdnDe14_13175		0.26398218	
PBdnRY1_4950		0.2633285	
CLCdnPW1_2893		0.26316077	
CLCdnDe10_1932		0.26273715	
CLCdnDe14_2062		0.26256412	
VdnDe4_6103		0.2616693	
CLCdnDe11_29		0.26139638	
SdnRY1_11834		0.26096916	
VdnPW4_47693		0.2598963	
CLCdnRY12_3443		0.25935826	
CLCdnDe14_1144		0.25802806	
TDe_comp95966_c0_seq1		0.2579058	
CLCdnRY9_8037		0.25618452	
PBdnRY1_11753		0.25545308	
VdnDe2_58079		0.25486818	
SdnRY1_24179		0.25443938	
CLCdnPW10_57512		0.25378108	
VdnDe2_157498		0.25321314	
Sotub09g008890.1.1		0.25321254	
CLCdnDe12_24749		0.25321174	
VdnPW4_24983		0.2530951	
VdnPW1_101908		0.25289163	
CLCdnPW38_9398		0.2528389	
CLCdnRY10_10538		0.25274894	
CLCdnDe12_34879		0.25234863	
CLCdnRY1_7150		0.2522366	
VdnDe3_134973		0.2507312	
PBdnRY1_7025		0.24884406	
VdnDe3_96320		0.24858026	
VdnDe3_19373		0.24839695	
CLCdnDe14_11397		0.2481674	
TDe_comp104317_c0_seq2		0.24679193	
SdnRY1_26117		0.2467894	
VdnPW3_22624		0.24672276	
TPW_comp53991_c0_seq1		0.24577907	
PBdnRY1_424		0.24530733	
VdnPW3_25609		0.24506973	
CLCdnDe7_1206		0.24505179	
VdnPW1_169091		0.24497099	
VdnDe1_243785		0.24421561	
Sotub09g020680.1.1		0.24340251	
CLCdnRY11_11073		0.24335286	
PBdnRY1_6690		0.24305531	
VdnDe1_170937		0.24242777	
CLCdnDe14_11587		0.24225838	
VdnDe1_184799		0.24166074	
VdnDe2_77466		0.24128321	
Sotub08g015530.1.1		0.24098068	
VdnPW2_40081		0.24080904	
CLCdnDe11_728		0.24080676	
CLCdnDe5_6453		0.24068993	
CLCdnRY10_46039		0.24028334	
CLCdnRY10_11384		0.2399724	
Sotub04g033050.1.1		0.23952161	
CLCdnPW2_6368		0.23834205	
VdnPW1_16052		0.23795308	
PBdnRY1_4075		0.23746096	
CLCdnDe14_25255		0.2374295	
VdnPW2_43290		0.23500144	
CLCdnRY10_1235		0.2349815	
PBdnRY1_3228		0.23436801	
SdnPW1_24302		0.2330749	
VdnDe5_53544		0.23265028	
VdnPW3_61874		0.23248866	
CLCdnPW48_21289		0.23090309	
PBdnRY1_11259		0.23041329	
VdnDe2_189631		0.22947477	
CLCdnDe11_157716		0.2285998	
VdnPW3_43652		0.22835335	
VdnPW2_48292		0.22787856	
CLCdnPW12_17995		0.22753136	
CLCdnRY4_1060		0.22739264	
SdnPW1_21211		0.22706234	
Sotub10g023330.1.1		0.22667596	
VdnPW1_31434		0.22649102	
TDe_comp106764_c0_seq1		0.2256611	
PBdnRY1_7115		0.22554104	
CLCdnPW27_9920		0.22541992	
CLCdnDe1_490		0.22541615	
CLCdnPW2_12861		0.22500448	
VdnDe1_156211		0.2247089	
VdnDe6_4977		0.2235575	
VdnDe3_54171		0.22317281	
PBdnRY1_3376		0.2227315	
Sotub11g009220.1.1		0.22189929	
CLCdnDe13_7965		0.22140057	
CLCdnDe11_6041		0.22107513	
VdnPW2_32039		0.22050324	
CLCdnDe1_15236		0.22021385	
Sotub07g023130.1.1		0.22017051	
VdnDe3_130038		0.21989343	
CLCdnPW32_1931		0.21979569	
CLCdnPW10_16765		0.21932994	
CLCdnDe10_10776		0.21906535	
CLCdnPW31_9953		0.2184404	
CLCdnPW50_3584		0.21823707	
CLCdnDe13_4522		0.217556	
CLCdnRY12_11500		0.21554151	
VdnDe4_11723		0.2150348	
CLCdnDe12_16098		0.21501304	
TDe_comp109554_c2_seq12		0.21450831	
VdnRY3_56188		0.21369803	
CLCdnPW50_3950		0.21314123	
VdnPW1_61506		0.2130876	
CLCdnPW10_7514		0.21261495	
Sotub04g008950.1.1		0.21080692	
CLCdnPW2_974		0.2102611	
VdnDe3_19476		0.20961061	
SdnRY1_14079		0.20720723	
CLCdnDe10_776		0.20665987	
VdnDe4_13032		0.2062179	
CLCdnDe13_15037		0.20619766	
CLCdnRY11_4262		0.20618182	
CLCdnPW13_16591		0.20572959	
CLCdnPW12_14169		0.20463388	
CLCdnDe10_9557		0.20442647	
PBdnRY1_7673		0.20420803	
VdnPW1_71286		0.2036468	
CLCdnDe12_971		0.20296146	
VdnPW3_37011		0.20238732	
VdnPW2_41514		0.20216763	
PBdnRY1_12960		0.2004502	
CLCdnPW19_1421		0.19972134	
CLCdnRY7_23323		0.19967607	
SdnRY1_24444		0.19956155	
CLCdnRY12_23314		0.1994339	
CLCdnDe14_56875		0.19934545	
CLCdnPW14_4061		0.19914737	
CLCdnDe10_10100		0.19901858	
PBdnRY1_2135		0.19878483	
CLCdnDe2_12819		0.19844308	
CLCdnDe13_25868		0.19711573	
CLCdnRY3_1222		0.19684355	
CLCdnRY11_3021		0.19655253	
VdnPW5_1541		0.1963736	
PBdnRY1_8248		0.19562192	
SdnRY1_1825		0.19466452	
Sotub03g034370.1.1		0.19400229	
CLCdnPW10_1666		0.19371472	
CLCdnDe11_149166		0.19366091	
CLCdnPW10_14198		0.19246967	
CLCdnDe11_158094		0.19246492	
CLCdnPW13_9117		0.1917948	
CLCdnPW3_6540		0.19149333	
VdnPW4_2454		0.19104782	
CLCdnDe8_227		0.19081774	
VdnPW3_13967		0.18752213	
VdnDe2_29290		0.1867233	
CLCdnDe2_1603		0.18604644	
CLCdnDe10_15255		0.18593682	
SdnRY1_8110		0.18541464	
PBdnRY1_7358		0.1850586	
VdnPW2_106793		0.18448688	
CLCdnPW48_26821		0.18445708	
Sotub02g012920.1.1		0.18395506	
SdnRY1_32458		0.18382739	
VdnDe3_50872		0.18367158	
TDe_comp100082_c0_seq4		0.18338487	
CLCdnRY10_23328		0.18279824	
CLCdnPW12_19078		0.18068981	
VdnPW2_21723		0.18068798	
CLCdnPW39_18749		0.18066788	
VdnDe1_53230		0.1804366	
PBdnRY1_4465		0.17980815	
CLCdnDe11_5543		0.17921259	
SdnPW1_11919		0.17906153	
SdnRY1_27995		0.17898394	
SdnPW1_28137		0.17894205	
CLCdnDe10_3842		0.17848599	
CLCdnDe10_40240		0.17836793	
VdnPW2_60061		0.17824396	
PBdnRY1_4948		0.17797402	
VdnDe3_39168		0.1774011	
CLCdnPW50_4236		0.17698163	
CLCdnPW12_3307		0.17656219	
CLCdnDe4_19825		0.17490692	
CLCdnDe14_20609		0.17361304	
VdnRY3_27794		0.17261916	
PBdnRY1_10606		0.17041478	
VdnDe3_127881		0.16964956	
CLCdnDe2_15519		0.16826634	
Sotub12g019650.1.1		0.16798419	
SdnRY1_17083		0.16758332	
VdnDe2_10323		0.1674911	
VdnDe4_35819		0.16716804	
VdnPW1_123240		0.16637291	
VdnPW4_15018		0.16630138	
Sotub07g011400.1.1		0.16623047	
CLCdnRY11_9254		0.16589022	
CLCdnRY1_13632		0.16549832	
CLCdnPW26_13763		0.16456947	
CLCdnPW35_11122		0.16418536	
CLCdnPW3_5262		0.1638466	
PGSC0003DMP400018834		0.16374323	
VdnDe2_108245		0.1636042	
VdnDe3_131893		0.16358975	
VdnDe4_140211		0.16333123	
TDe_comp107609_c0_seq1		0.16147786	
VdnDe3_161881		0.1600613	
VdnPW4_55905		0.15937671	
VdnDe1_162386		0.15930046	
CLCdnPW36_60981		0.15809748	
VdnPW1_61321		0.15723884	
CLCdnRY11_2898		0.15668522	
Sotub11g027070.1.1		0.15662888	
CLCdnDe14_21040		0.15604515	
CLCdnDe13_16002		0.15602374	
CLCdnRY10_6741		0.15567036	
PGSC0003DMP400015464		0.15552875	
VdnPW3_15644		0.15358119	
CLCdnPW12_47517		0.15351328	
CLCdnDe13_25944		0.15199168	
CLCdnPW32_17138		0.15183583	
Sotub02g012180.1.1		0.15161337	
SdnPW1_12248		0.1513462	
CLCdnDe7_71621		0.15124127	
Sotub12g030990.1.1		0.14892031	
CLCdnDe7_20303		0.14842167	
VdnRY6_7002		0.14714628	
VdnPW3_16190		0.1463072	
VdnDe3_123559		0.14557275	
TDe_comp111488_c0_seq7		0.14417303	
CLCdnPW1_2660		0.14382207	
CLCdnPW35_2185		0.14235418	
CLCdnDe12_5205		0.1416695	
VdnPW3_19138		0.14131418	
SdnPW1_31087		0.1409857	
PBdnRY1_11899		0.14051636	
VdnPW3_7446		0.13853694	
VdnPW2_7044		0.1383832	
Sotub11g008630.1.1		0.1379446	
CLCdnDe10_24989		0.1364879	
PBdnRY1_11796		0.1350408	
SdnRY1_23310		0.13490993	
CLCdnRY2_8558		0.13379678	
SdnRY1_12792		0.1334881	
CLCdnDe2_311		0.13114713	
CLCdnDe5_19897		0.13091417	
Sotub07g029030.1.1		0.13050964	
CLCdnDe10_24187		0.12858592	
CLCdnDe14_25904		0.12801254	
Sotub06g015950.1.1		0.12720245	
SdnRY1_24477		0.12528777	
SdnPW1_16304		0.12512407	
CLCdnDe13_7645		0.12436348	
CLCdnPW41_10388		0.12393608	
CLCdnPW3_12305		0.122121215	
CLCdnPW20_7037		0.12194334	
CLCdnDe7_148		0.12064605	
Sotub03g018200.1.1		0.1195351	
CLCdnDe5_19126		0.11893275	
SdnRY1_31184		0.118907265	
CLCdnPW21_365		0.1189061	
VdnDe1_168358		0.116953306	
TDe_comp111149_c0_seq5		0.116265476	
CLCdnPW2_5433		0.11593248	
CLCdnDe8_288		0.11582569	
CLCdnPW12_1409		0.11464962	
CLCdnDe8_4305		0.114596024	
CLCdnDe2_19367		0.11443359	
VdnPW3_20151		0.11381174	
PBdnRY1_10293		0.11159008	
VdnDe2_238490		0.11088971	
CLCdnPW10_203		0.10981456	
VdnDe1_196383		0.10958907	
SdnRY1_16727		0.107492685	
Sotub01g008710.1.1		0.10604877	
CLCdnPW49_3201		0.10531161	
CLCdnDe14_2613		0.10272515	
PBdnRY1_9384		0.1021314	
CLCdnDe6_7097		0.10078477	
CLCdnPW50_2357		0.10038683	
CLCdnPW10_1259		0.09916174	
CLCdnPW6_12886		0.09897854	
VdnRY3_571		0.097444974	
CLCdnDe9_7924		0.09734379	
VdnDe2_40892		0.09665999	
CLCdnPW39_2908		0.09650478	
CLCdnDe10_22126		0.09590704	
VdnDe3_53903		0.09531009	
SdnPW1_24973		0.094805844	
CLCdnPW17_8741		0.09397246	
TDe_comp91642_c0_seq2		0.09364359	
Sotub01g005780.1.1		0.09340387	
PBdnRY1_9857		0.093305446	
CLCdnPW45_6309		0.09314806	
CLCdnDe11_8173		0.092734635	
CLCdnRY12_6148		0.092395835	
VdnPW3_17800		0.092327505	
CLCdnDe10_8258		0.09225742	
SdnRY1_15406		0.09188324	
CLCdnDe13_23498		0.09168418	
VdnDe4_112839		0.0898005	
PBdnRY1_13118		0.08902894	
VdnDe4_115100		0.088852584	
VdnPW3_21868		0.08844768	
CLCdnDe7_2215		0.08740558	
VdnPW4_5169		0.08691219	
SdnRY1_42336		0.085324876	
VdnDe2_150695		0.08519331	
CLCdnDe10_1340		0.0829328	
CLCdnRY8_5555		0.08248563	
CLCdnRY1_3168		0.08243627	
CLCdnPW21_21829		0.08213037	
CLCdnRY10_50643		0.08116279	
CLCdnPW46_13246		0.08076811	
CLCdnRY5_16261		0.08073717	
CLCdnPW2_17		0.08047801	
VdnDe1_18264		0.080441855	
CLCdnDe4_38446		0.08023676	
VdnPW1_34064		0.080217026	
VdnPW4_14173		0.079883814	
VdnDe1_13883		0.0798174	
CLCdnRY5_3084		0.07799351	
SdnRY1_20552		0.07761132	
CLCdnDe1_402		0.07732504	
CLCdnRY10_15603		0.07716478	
CLCdnDe2_1086		0.07679908	
PBdnRY1_12569		0.076770194	
VdnPW2_23827		0.07547792	
CLCdnDe1_6694		0.07531828	
Sotub04g016350.1.1		0.07501614	
PBdnRY1_14487		0.074792065	
PBdnRY1_9568		0.07458191	
CLCdnPW50_459		0.07450062	
CLCdnDe12_24924		0.07277349	
VdnDe1_195044		0.07272344	
CLCdnDe3_16421		0.071806975	
CLCdnDe12_5323		0.07139051	
VdnPW4_832		0.07081889	
Sotub02g035980.1.1		0.0699881	
CLCdnRY10_4627		0.06863201	
VdnDe2_7880		0.068504974	
CLCdnDe12_23841		0.06772445	
CLCdnDe10_12283		0.067050956	
CLCdnRY3_46745		0.066379406	
SdnRY1_31021		0.06577062	
Sotub08g013540.1.1		0.06531915	
SdnPW1_27409		0.06512509	
VdnDe6_15475		0.063259915	
VdnDe3_85909		0.06216981	
VdnPW1_19646		0.0618392	
CLCdnRY12_13836		0.0604043	
Sotub01g049730.1.1		0.06032147	
VdnPW1_49845		0.059301496	
PBdnRY1_1447		0.05893137	
VdnDe4_21832		0.05834935	
CLCdnRY10_30509		0.05779637	
CLCdnPW37_18067		0.056979552	
CLCdnPW36_20361		0.056761537	
TDe_comp109940_c0_seq1		0.05673229	
CLCdnDe12_26248		0.05662314	
PBdnRY1_3411		0.056342274	
CLCdnDe11_2076		0.05566651	
CLCdnDe2_6018		0.0549184	
PBdnRY1_7797		0.054319106	
CLCdnRY10_1025		0.053466935	
VdnPW2_15120		0.052758116	
CLCdnDe10_9925		0.052654628	
CLCdnRY2_1125		0.052618735	
CLCdnDe6_27427		0.052454006	
CLCdnDe6_12019		0.051703222	
VdnPW3_32980		0.05129663	
VdnPW2_37374		0.050908912	
CLCdnDe10_2995		0.05053991	
CLCdnDe14_719		0.05043676	
Sotub12g015660.1.1		0.04869907	
TDe_comp109274_c0_seq4		0.048462704	
VdnPW2_36555		0.047450054	
CLCdnPW12_3511		0.047259383	
SdnRY1_39143		0.046670884	
CLCdnDe14_8729		0.04652379	
VdnDe5_38887		0.04650533	
VdnPW3_52140		0.04636183	
Sotub12g030360.1.1		0.045857277	
SdnRY1_16507		0.045167856	
CLCdnDe13_4233		0.043702774	
CLCdnDe5_927		0.043218642	
CLCdnPW12_7937		0.04306009	
VdnPW2_38502		0.040460624	
CLCdnDe11_140613		0.040172722	
VdnPW4_31624		0.038632657	
CLCdnDe12_589		0.038476974	
CLCdnDe3_55		0.035987895	
VdnPW4_27285		0.035748627	
SdnRY1_26986		0.03498526	
PBdnRY1_8085		0.03449855	
PBdnRY1_2521		0.033798106	
VdnDe2_180408		0.03278365	
CLCdnPW10_13029		0.0327051	
CLCdnDe10_10348		0.032585464	
CLCdnDe10_2896		0.03209274	
VdnPW4_33237		0.031113246	
VdnDe2_234301		0.030494062	
CLCdnPW2_9598		0.029576972	
CLCdnDe1_415		0.029253533	
VdnPW1_26806		0.028095754	
CLCdnRY10_12404		0.027802713	
CLCdnRY10_13095		0.027186722	
PBdnRY1_1780		0.026574658	
SdnRY1_30174		0.026396682	
CLCdnPW10_162		0.024569314	
CLCdnDe1_7082		0.02405988	
CLCdnDe12_2989		0.023505975	
CLCdnDe6_31100		0.023359615	
CLCdnDe6_2857		0.02316116	
Sotub09g019560.1.1		0.023072798	
CLCdnDe10_2642		0.023008054	
CLCdnDe13_3021		0.022497747	
VdnDe2_53978		0.021026153	
CLCdnPW12_10768		0.020971403	
CLCdnPW49_375		0.02080819	
CLCdnDe11_14067		0.02065356	
VdnDe3_32359		0.020369582	
CLCdnDe14_21383		0.020334627	
Sotub09g018840.1.1		0.020305814	
CLCdnPW46_8539		0.020265378	
CLCdnRY2_1207		0.020183075	
SdnRY1_17792		0.020166913	
VdnPW1_114467		0.019856412	
CLCdnPW45_353		0.019432789	
CLCdnDe7_12971		0.018896021	
VdnDe2_141260		0.018853473	
VdnDe3_82507		0.018588757	
CLCdnDe11_19980		0.018433189	
CLCdnPW2_21124		0.018080933	
CLCdnDe3_2325		0.017977642	
CLCdnDe12_38575		0.016790835	
CLCdnPW10_7598		0.016605463	
CLCdnPW1_311		0.01583316	
PBdnRY1_13702		0.01568658	
CLCdnDe11_22970		0.0148633	
CLCdnRY10_13456		0.014825421	
CLCdnPW12_6889		0.014263848	
CLCdnDe6_1441		0.013719565	
CLCdnPW10_5821		0.012015462	
CLCdnDe11_25563		0.011420836	
CLCdnDe10_16539		0.011364439	
CLCdnDe12_16158		0.011055872	
Sotub01g008690.1.1		0.010985779	
CLCdnDe10_19091		0.010913689	
VdnDe2_15609		0.010698419	
CLCdnPW34_7726		0.010488912	
SdnPW1_27169		0.010471949	
Sotub08g009610.1.1		0.009556475	
VdnDe3_165340		0.008804649	
CLCdnPW36_29646		0.008416149	
CLCdnPW8_930		0.008190415	
CLCdnPW45_2154		0.008006374	
CLCdnRY7_5733		0.007316088	
CLCdnPW43_1361		0.0070314487	
SdnPW1_20772		0.0067970455	
CLCdnDe5_124011		0.005339782	
CLCdnRY1_10099		0.005288081	
SdnRY1_40310		0.0028762165	
VdnPW6_1227		0.0021020353	
CLCdnRY10_9711		0.0020566753	
PBdnRY1_11312		0.0019908447	
CLCdnDe14_50832		0.0018582114	
CLCdnDe6_40131		0.0016884326	
VdnDe3_10850		0.0014384623	
SdnPW1_7656		0.0013905338	
CLCdnDe8_6375		0.0013652688	
Sotub07g027040.1.1		0.0013446582	
CLCdnPW28_4887		0.0012804288	
CLCdnDe13_22107		0.0011793933	
VdnDe3_138379		0.0010966922	
CLCdnRY2_13201		0.0010250923	
CLCdnPW16_12781		0.001006086	
VdnDe1_122862		8.5344625E-4	
CLCdnDe6_37078		7.738479E-4	
VdnDe3_190648		7.402687E-4	
SdnPW1_2580		6.959434E-4	
PBdnRY1_11665		6.305484E-4	
CLCdnPW48_29914		6.039459E-4	
VdnPW1_173292		5.626229E-4	
VdnDe3_132485		5.6001067E-4	
Sotub08g025350.1.1		5.578865E-4	
CLCdnDe10_3419		5.406675E-4	
Sotub12g032690.1.1		5.3364696E-4	
CLCdnRY12_28957		5.270994E-4	
PBdnRY1_11036		4.934308E-4	
CLCdnDe7_29212		4.526688E-4	
CLCdnPW12_35059		4.2594218E-4	
CLCdnPW46_3544		4.1784008E-4	
Sotub11g027630.1.1		3.9134437E-4	
VdnDe2_105393		3.8624424E-4	
CLCdnRY11_47218		3.8372056E-4	
CLCdnDe13_115185		3.7022258E-4	
VdnDe1_43689		3.6299523E-4	
SdnRY1_2649		3.6009907E-4	
CLCdnPW45_5279		3.494673E-4	
CLCdnPW26_4170		3.450994E-4	
CLCdnDe2_29678		3.4259062E-4	
CLCdnPW2_23077		3.0435083E-4	
CLCdnPW25_20514		2.8410886E-4	
CLCdnPW5_5986		2.816691E-4	
VdnDe4_38929		2.7747083E-4	
TDe_comp108357_c0_seq2		2.6898552E-4	
CLCdnPW47_10134		2.5584723E-4	
CLCdnPW34_6594		2.4734417E-4	
CLCdnDe2_17888		2.2986442E-4	
PBdnRY1_9355		2.2904735E-4	
CLCdnPW50_11409		2.0873063E-4	
VdnDe1_238101		2.056108E-4	
CLCdnRY10_45099		1.9236759E-4	
PGSC0003DMP400013230		1.6485412E-4	
PBdnRY1_659		1.4962052E-4	
CLCdnDe11_11864		1.3337145E-4	
CLCdnRY12_22020		1.2874669E-4	
CLCdnPW45_37082		1.0973609E-4	
CLCdnPW22_6859		-2.2373999E-5	
CLCdnDe11_11215		-3.0373934E-5	
CLCdnPW12_19180		-3.8746995E-5	
VdnDe4_151827		-6.1867344E-5	
CLCdnDe10_5395		-7.0115166E-5	
CLCdnDe10_36585		-1.2259492E-4	
CLCdnPW2_18834		-1.3883394E-4	
Sotub08g029270.1.1		-1.4985468E-4	
CLCdnDe10_6899		-1.7208495E-4	
VdnPW2_75677		-1.9630617E-4	
CLCdnPW12_7749		-2.0522186E-4	
Sotub12g022190.1.1		-2.3359465E-4	
PGSC0003DMP400028459		-2.3558793E-4	
CLCdnPW17_6013		-2.4459386E-4	
VdnDe1_113360		-2.5320717E-4	
CLCdnPW8_539		-2.848384E-4	
SdnRY1_7311		-2.8822312E-4	
CLCdnRY7_15475		-2.9790692E-4	
CLCdnRY10_12539		-2.9906526E-4	
CLCdnPW12_7235		-3.1348382E-4	
CLCdnPW25_5237		-3.2748663E-4	
CLCdnPW2_10865		-3.345447E-4	
CLCdnPW36_56		-3.415621E-4	
CLCdnPW39_13349		-3.4286734E-4	
VdnDe2_169647		-3.5995632E-4	
CLCdnDe10_5175		-3.9029072E-4	
VdnDe1_111041		-3.905293E-4	
CLCdnPW11_3188		-4.0146097E-4	
CLCdnPW50_24605		-4.0658168E-4	
SdnRY1_4796		-4.2080806E-4	
CLCdnPW48_19136		-4.2092023E-4	
CLCdnDe13_2502		-4.589425E-4	
CLCdnDe7_21713		-5.092111E-4	
VdnDe1_27515		-5.251405E-4	
TDe_comp93214_c0_seq1		-5.3676503E-4	
CLCdnRY1_15408		-5.619141E-4	
VdnDe6_89964		-5.84166E-4	
CLCdnDe13_25630		-5.848521E-4	
CLCdnDe7_132187		-5.888856E-4	
SdnPW1_14524		-6.4298126E-4	
VdnPW4_17712		-7.4701034E-4	
VdnDe1_164914		-8.3049666E-4	
CLCdnDe11_18120		-8.766554E-4	
CLCdnDe14_29018		-9.6035225E-4	
CLCdnPW26_6862		-9.6929254E-4	
CLCdnPW49_46975		-0.0011972096	
CLCdnDe6_112830		-0.0013728152	
PBdnRY1_11820		-0.0016331959	
Sotub08g026090.1.1		-0.002123282	
VdnDe2_82381		-0.0021651234	
VdnDe1_162036		-0.0026342918	
CLCdnDe3_1014		-0.0028130668	
VdnPW2_58096		-0.003063672	
CLCdnDe11_1965		-0.0036394629	
VdnPW6_169		-0.0037166283	
CLCdnDe11_13279		-0.004826606	
CLCdnRY10_891		-0.005905609	
VdnDe5_41032		-0.0060736565	
Sotub07g010320.1.1		-0.006242912	
CLCdnPW50_40822		-0.0064147795	
CLCdnDe6_11170		-0.0067601176	
CLCdnDe2_16138		-0.006809961	
CLCdnPW21_5741		-0.008882901	
SdnRY1_2980		-0.009196647	
CLCdnDe12_12078		-0.009472615	
CLCdnPW11_7948		-0.009942924	
CLCdnPW26_10125		-0.0110101355	
CLCdnDe4_129887		-0.0113278115	
Sotub06g019370.1.1		-0.011875948	
TPW_comp66191_c0_seq1		-0.012030645	
CLCdnPW47_3972		-0.012167423	
CLCdnDe12_10047		-0.012239455	
CLCdnPW12_4310		-0.013181227	
CLCdnDe2_11105		-0.013233743	
CLCdnPW50_17331		-0.014448285	
SdnRY1_24768		-0.0150240725	
CLCdnDe2_2998		-0.015164084	
VdnDe7_17587		-0.015512564	
TDe_comp111481_c1_seq2		-0.015536934	
VdnDe2_223672		-0.015954372	
CLCdnDe12_17031		-0.016094362	
PGSC0003DMP400007506		-0.016410038	
CLCdnPW48_2542		-0.016416391	
Sotub01g041730.1.1		-0.016501538	
CLCdnPW32_19377		-0.016920304	
CLCdnDe7_8718		-0.017607909	
SdnRY1_40995		-0.017653462	
VdnDe1_155817		-0.018220222	
CLCdnRY8_1650		-0.018748233	
PBdnRY1_11327		-0.021804301	
CLCdnDe11_9855		-0.022304587	
CLCdnDe11_60		-0.023407545	
PGSC0003DMP400048000		-0.024040423	
CLCdnDe1_6626		-0.024168083	
VdnPW3_45236		-0.024190294	
CLCdnPW27_3045		-0.024328109	
CLCdnRY11_3701		-0.024354486	
VdnDe2_42605		-0.024381595	
CLCdnPW42_322		-0.024714299	
VdnPW1_64789		-0.025024194	
VdnPW4_35658		-0.025572585	
CLCdnDe10_258		-0.027634462	
CLCdnDe12_1715		-0.02807987	
CLCdnDe10_24267		-0.028851485	
CLCdnDe11_34681		-0.029070139	
VdnDe3_16304		-0.029624484	
CLCdnRY10_10121		-0.031257823	
CLCdnPW49_11108		-0.031702753	
CLCdnDe8_19		-0.032684933	
VdnPW4_7323		-0.034033377	
SdnRY1_18859		-0.035318725	
CLCdnDe1_13437		-0.035981655	
PBdnRY1_7317		-0.036786325	
VdnDe2_121155		-0.03852391	
VdnDe3_160098		-0.038991757	
CLCdnRY10_36645		-0.041252527	
VdnPW3_22190		-0.041741315	
VdnDe5_47422		-0.04184515	
VdnDe1_21045		-0.043667722	
Sotub07g026740.1.1		-0.044398542	
CLCdnPW47_14651		-0.046388704	
PBdnRY1_6859		-0.04709822	
CLCdnRY10_163		-0.048035927	
CLCdnPW1_45		-0.050848812	
CLCdnPW48_15164		-0.051118873	
CLCdnDe1_775		-0.05190979	
CLCdnDe12_3880		-0.054390408	
CLCdnPW2_87		-0.056636326	
VdnDe3_132713		-0.056749105	
CLCdnDe13_24933		-0.05820929	
CLCdnPW2_16104		-0.058546256	
VdnDe3_6879		-0.059913453	
CLCdnDe11_30069		-0.060763855	
CLCdnDe13_1412		-0.061080534	
VdnDe2_129345		-0.061867338	
PGSC0003DMP400004766		-0.062117964	
VdnPW2_74124		-0.062453076	
CLCdnDe10_132661		-0.06384944	
Sotub07g024710.1.1		-0.06485865	
CLCdnDe10_11538		-0.065235145	
VdnDe5_7560		-0.06553264	
CLCdnPW47_920		-0.06566089	
VdnPW6_144		-0.06578194	
CLCdnRY10_13519		-0.06690677	
Sotub06g029270.1.1		-0.06765997	
VdnPW3_10722		-0.06958076	
VdnPW4_9911		-0.06964133	
CLCdnPW16_7690		-0.070197135	
VdnPW3_4990		-0.07036897	
CLCdnDe10_8650		-0.071117945	
VdnPW5_784		-0.07199169	
CLCdnDe6_4304		-0.072111264	
CLCdnDe14_26089		-0.075121455	
VdnPW2_9313		-0.076388806	
Sotub03g020040.1.1		-0.076645814	
CLCdnDe10_25404		-0.07702704	
VdnDe2_2823		-0.07762633	
CLCdnDe13_6197		-0.079015	
PBdnRY1_20		-0.08174221	
CLCdnDe10_18962		-0.08206106	
PGSC0003DMP400031451		-0.08236833	
VdnDe3_156830		-0.08712935	
VdnPW1_29013		-0.087867916	
CLCdnDe5_17882		-0.08821436	
VdnPW2_84656		-0.088621125	
CLCdnRY9_19616		-0.08872173	
CLCdnDe10_9892		-0.08984974	
VdnDe3_158271		-0.089858286	
CLCdnPW49_2239		-0.090343684	
CLCdnPW10_1192		-0.090504125	
CLCdnDe4_56701		-0.091325305	
CLCdnDe5_20616		-0.09162189	
CLCdnPW19_31584		-0.09171306	
SdnRY1_18694		-0.09195579	
SdnPW1_16478		-0.09288389	
PBdnRY1_12083		-0.09300327	
VdnPW2_93566		-0.09356659	
VdnDe2_150716		-0.09373163	
VdnPW1_123192		-0.09394893	
CLCdnPW50_3839		-0.093957365	
CLCdnDe12_5023		-0.094092555	
VdnDe7_13689		-0.095877275	
CLCdnDe2_12860		-0.09651399	
CLCdnDe13_4613		-0.09685228	
CLCdnDe3_1383		-0.09805938	
PBdnRY1_5001		-0.09877442	
CLCdnDe3_8539		-0.09966009	
CLCdnPW36_22163		-0.10117597	
CLCdnPW38_3391		-0.101222105	
Sotub11g009120.1.1		-0.101558544	
VdnDe1_253544		-0.10335268	
CLCdnDe10_14136		-0.103624724	
CLCdnDe10_1454		-0.10368607	
CLCdnDe6_22558		-0.10369905	
CLCdnPW1_8495		-0.10551566	
PBdnRY1_7367		-0.10578008	
VdnPW4_87466		-0.10578194	
CLCdnDe4_34967		-0.10654984	
SdnPW1_7016		-0.11074256	
VdnPW1_83316		-0.11131726	
VdnPW2_18229		-0.11136234	
CLCdnPW2_13065		-0.113689214	
CLCdnDe1_18047		-0.113827534	
CLCdnDe3_5904		-0.115499124	
VdnPW2_92592		-0.11555168	
VdnPW2_66154		-0.115603335	
CLCdnDe11_4682		-0.11589436	
CLCdnDe11_13992		-0.11591835	
CLCdnPW15_25018		-0.11612062	
CLCdnDe10_8706		-0.1164012	
CLCdnPW14_1465		-0.11667765	
CLCdnDe13_2939		-0.117018014	
VdnPW1_31974		-0.118524805	
TDe_comp101065_c0_seq1		-0.11906569	
CLCdnDe6_38168		-0.120116904	
SdnRY1_17494		-0.120536745	
CLCdnRY10_859		-0.12072474	
CLCdnDe11_890		-0.12161117	
Sotub11g005780.1.1		-0.12161273	
VdnDe4_137458		-0.12225493	
VdnDe2_50814		-0.123040125	
PBdnRY1_137		-0.123057894	
VdnDe6_26230		-0.124346435	
VdnDe3_63134		-0.124831535	
CLCdnPW2_557		-0.1250991	
Sotub10g006550.1.1		-0.12525931	
CLCdnDe12_196		-0.1252853	
CLCdnDe10_3417		-0.12696159	
PBdnRY1_13731		-0.12712678	
SdnRY1_20361		-0.12732072	
CLCdnDe12_169254		-0.12903781	
CLCdnDe13_9684		-0.13001063	
CLCdnDe3_1136		-0.13044028	
VdnDe2_163887		-0.1307723	
SdnRY1_1718		-0.13131861	
CLCdnRY5_6622		-0.13241927	
SdnRY1_15231		-0.13269132	
CLCdnDe11_3224		-0.13279963	
CLCdnPW20_1061		-0.13350256	
CLCdnDe5_11009		-0.1351127	
PBdnRY1_7966		-0.13535815	
CLCdnDe10_20366		-0.13743526	
VdnDe3_41729		-0.13743562	
TDe_comp103503_c2_seq1		-0.13747667	
CLCdnPW45_502		-0.13807085	
VdnPW5_2664		-0.13940257	
CLCdnDe7_2409		-0.13975815	
VdnPW1_45906		-0.14045955	
Sotub07g026440.1.1		-0.14114676	
CLCdnDe14_39321		-0.14196774	
CLCdnPW37_29688		-0.14211473	
VdnDe4_8724		-0.14521846	
Sotub10g024460.1.1		-0.14562845	
CLCdnDe14_7534		-0.14648868	
CLCdnDe11_6341		-0.1466013	
CLCdnPW31_16589		-0.14667201	
CLCdnPW20_1892		-0.1473777	
CLCdnPW36_17597		-0.1495768	
VdnDe1_239428		-0.15002586	
VdnPW5_48701		-0.15031013	
CLCdnDe4_97465		-0.15067452	
CLCdnDe11_22615		-0.15184069	
PBdnRY1_7313		-0.15245146	
VdnPW2_19620		-0.1530758	
VdnDe1_33499		-0.15336931	
CLCdnDe13_33877		-0.15341543	
CLCdnDe11_48536		-0.1551195	
VdnPW1_87288		-0.15544254	
CLCdnDe12_7800		-0.15553653	
VdnDe2_22471		-0.15623398	
VdnPW3_31633		-0.15637293	
CLCdnDe10_11339		-0.15722172	
CLCdnPW2_2448		-0.15814991	
PBdnRY1_1201		-0.15841316	
PBdnRY1_5853		-0.15929231	
Sotub10g015190.1.1		-0.16224621	
CLCdnDe11_14268		-0.16352966	
CLCdnDe7_6573		-0.16357514	
PBdnRY1_8488		-0.16387287	
VdnDe1_122460		-0.16425525	
CLCdnDe11_156458		-0.16427602	
CLCdnDe2_19834		-0.16654119	
CLCdnDe4_1107		-0.16915996	
CLCdnRY10_10082		-0.16951035	
VdnDe2_27664		-0.1701783	
VdnDe5_81575		-0.17020541	
PBdnRY1_1760		-0.17052996	
Sotub01g049390.1.1		-0.17113325	
VdnDe2_49863		-0.17136902	
CLCdnDe12_8124		-0.17150144	
PBdnRY1_9029		-0.17169064	
CLCdnDe8_44		-0.17172432	
SdnPW1_6343		-0.17226036	
CLCdnDe12_275		-0.17263217	
Sotub01g035420.1.1		-0.17305398	
PBdnRY1_9546		-0.17349264	
CLCdnDe5_14966		-0.17406729	
Sotub10g017450.1.1		-0.17412488	
VdnDe5_38032		-0.17442526	
TDe_comp110944_c2_seq4		-0.17479695	
PBdnRY1_71		-0.17538123	
CLCdnDe2_14182		-0.17639193	
CLCdnPW10_8437		-0.17701735	
VdnPW2_20505		-0.17743579	
CLCdnPW10_10189		-0.1781626	
SdnRY1_3255		-0.17857891	
CLCdnDe11_28804		-0.17896219	
CLCdnDe10_7612		-0.17916541	
CLCdnRY2_1536		-0.17953497	
CLCdnRY8_5095		-0.18395124	
CLCdnPW49_4514		-0.18562813	
VdnPW2_27674		-0.18600275	
Sotub01g005740.1.1		-0.18642859	
CLCdnDe1_7354		-0.18658084	
CLCdnPW45_12545		-0.18658946	
CLCdnDe7_10054		-0.18685745	
SdnPW1_30273		-0.18718944	
VdnPW3_3875		-0.18810529	
CLCdnDe7_171886		-0.18867122	
CLCdnDe2_1275		-0.19017294	
PBdnRY1_808		-0.19041283	
CLCdnDe14_8024		-0.19118796	
CLCdnPW50_27239		-0.1913298	
CLCdnDe2_4949		-0.19152571	
CLCdnDe7_5317		-0.1916064	
VdnPW2_45397		-0.19198431	
CLCdnPW47_2518		-0.19206119	
VdnDe1_154032		-0.19235379	
CLCdnDe1_11299		-0.19285558	
VdnDe1_180600		-0.19463822	
CLCdnPW2_5613		-0.1952398	
Sotub09g014930.1.1		-0.19559251	
SdnRY1_24893		-0.19564658	
CLCdnPW1_5531		-0.19625448	
VdnDe2_31678		-0.19651784	
CLCdnPW28_12611		-0.19659252	
VdnPW1_101817		-0.19740908	
SdnRY1_20782		-0.19887584	
SdnRY1_12882		-0.19894092	
Sotub01g026200.1.1		-0.1989651	
CLCdnDe6_14932		-0.1991245	
SdnPW1_21767		-0.19934289	
Sotub09g025050.1.1		-0.19961053	
CLCdnDe7_8379		-0.2000255	
SdnRY1_5873		-0.20039667	
Sotub01g038670.1.1		-0.20193605	
CLCdnPW48_3336		-0.2020191	
CLCdnDe12_327		-0.20209076	
VdnDe3_15549		-0.20253646	
CLCdnDe1_9406		-0.2048201	
SdnRY1_27639		-0.20599231	
CLCdnDe11_156583		-0.20667712	
SdnRY1_19637		-0.20697892	
CLCdnRY6_13021		-0.20722458	
CLCdnPW13_26587		-0.20748483	
VdnPW1_136782		-0.20855261	
CLCdnDe3_22516		-0.20891413	
PBdnRY1_8175		-0.20897736	
CLCdnRY10_11101		-0.21021374	
CLCdnDe12_207		-0.21121652	
CLCdnRY7_3055		-0.21160568	
CLCdnDe12_68		-0.21184924	
VdnPW2_4682		-0.212134	
CLCdnDe14_780		-0.21241713	
CLCdnDe13_14822		-0.21275035	
SdnRY1_14215		-0.21277384	
CLCdnDe13_5534		-0.21394257	
CLCdnPW27_2059		-0.21401794	
VdnDe2_155595		-0.21546274	
CLCdnDe12_3244		-0.21591091	
CLCdnPW3_6509		-0.2172786	
CLCdnDe10_16314		-0.2180349	
CLCdnDe14_18368		-0.21826002	
CLCdnRY12_298		-0.21866705	
PBdnRY1_64		-0.21902272	
CLCdnDe7_5830		-0.21958756	
VdnPW3_44607		-0.22044256	
CLCdnPW2_1246		-0.22314233	
CLCdnDe14_27053		-0.22511272	
CLCdnRY12_1235		-0.22522001	
VdnDe1_32914		-0.2256575	
VdnPW1_55448		-0.22644949	
CLCdnRY12_61429		-0.22696996	
VdnDe3_67146		-0.22707452	
CLCdnDe6_14425		-0.22756073	
VdnDe3_3431		-0.22790614	
VdnDe3_127668		-0.22839035	
CLCdnDe13_13133		-0.22894654	
VdnDe1_151128		-0.23324686	
PBdnRY1_13082		-0.23357813	
CLCdnPW37_10185		-0.23502241	
Sotub07g026670.1.1		-0.23614553	
VdnPW1_116144		-0.23727836	
TDe_comp109726_c2_seq1		-0.23885296	
CLCdnPW50_19698		-0.23983748	
Sotub07g027880.1.1		-0.23988041	
CLCdnDe10_1028		-0.24000958	
VdnPW4_26389		-0.24621528	
Sotub07g026110.1.1		-0.250233	
SdnRY1_34221		-0.25141853	
CLCdnDe10_7425		-0.2519133	
SdnRY1_17288		-0.25212818	
PBdnRY1_13735		-0.25248936	
CLCdnDe4_4628		-0.2524992	
CLCdnPW47_13136		-0.25420672	
CLCdnDe12_592		-0.2550729	
CLCdnDe2_22205		-0.25614405	
VdnDe3_151548		-0.25629386	
CLCdnDe13_5374		-0.25727627	
CLCdnDe2_28585		-0.25738552	
VdnPW1_157412		-0.2574447	
CLCdnDe1_5640		-0.2574781	
PBdnRY1_14368		-0.257622	
PBdnRY1_8163		-0.2579616	
CLCdnDe12_169871		-0.25836664	
CLCdnRY3_455		-0.2585047	
CLCdnPW48_19673		-0.25881186	
CLCdnPW25_106		-0.25998345	
CLCdnDe13_13901		-0.26120633	
CLCdnDe11_6092		-0.26230267	
CLCdnDe5_2566		-0.26280782	
VdnPW2_87358		-0.26363736	
PBdnRY1_5997		-0.26377344	
CLCdnRY2_2492		-0.26474938	
SdnRY1_20477		-0.26510006	
VdnDe1_238589		-0.26563236	
CLCdnDe6_20870		-0.26714855	
VdnPW2_13607		-0.26962438	
VdnPW1_104690		-0.27017835	
CLCdnDe10_801		-0.2702476	
CLCdnDe13_64460		-0.27089036	
CLCdnDe14_39050		-0.27207837	
VdnPW2_85740		-0.2723649	
VdnDe2_170788		-0.2737235	
CLCdnDe11_158040		-0.27391344	
CLCdnDe10_3727		-0.274467	
VdnDe3_89524		-0.27451357	
CLCdnDe10_6355		-0.2763759	
CLCdnDe11_1569		-0.28092048	
CLCdnRY10_2756		-0.28119007	
VdnPW4_12907		-0.2812785	
CLCdnDe12_6684		-0.2815821	
CLCdnDe7_20672		-0.28208414	
CLCdnDe6_14019		-0.2823217	
TDe_comp108920_c1_seq1		-0.2823576	
CLCdnDe2_108653		-0.28300765	
CLCdnDe13_12183		-0.2837376	
VdnDe3_64238		-0.2851835	
VdnPW1_16477		-0.2860181	
CLCdnDe11_577		-0.2873011	
PBdnRY1_3509		-0.2875567	
CLCdnDe11_151565		-0.287896	
CLCdnDe12_6239		-0.28837904	
CLCdnPW40_17683		-0.28842533	
VdnDe1_34705		-0.28849298	
TDe_comp109580_c0_seq1		-0.28996137	
CLCdnDe14_74082		-0.2906968	
CLCdnDe10_18369		-0.29129967	
Sotub02g032170.1.1		-0.29131392	
CLCdnDe10_16591		-0.29186374	
CLCdnRY12_4464		-0.2919319	
Sotub02g008470.1.1		-0.2920331	
VdnDe1_251039		-0.29203352	
CLCdnDe10_136751		-0.2920337	
VdnRY2_37966		-0.29203376	
CLCdnDe5_77394		-0.2920342	
VdnPW2_4248		-0.2920348	
CLCdnDe11_23853		-0.292036	
CLCdnPW1_5		-0.29203624	
SdnRY1_30222		-0.29203853	
Sotub05g022580.1.1		-0.29206657	
VdnDe1_256233		-0.29210296	
PBdnRY1_2222		-0.29215983	
Sotub08g021960.1.1		-0.29218003	
CLCdnRY10_2806		-0.29225552	
CLCdnDe10_9635		-0.2923197	
CLCdnPW35_1244		-0.2928592	
CLCdnDe5_18853		-0.2935753	
CLCdnDe7_1574		-0.29375926	
CLCdnPW47_17155		-0.29418573	
VdnDe2_242074		-0.29557574	
VdnDe3_105528		-0.2957312	
VdnDe4_47397		-0.29601023	
VdnDe5_15155		-0.29646719	
CLCdnDe13_5827		-0.29882345	
CLCdnDe12_49504		-0.29908183	
VdnPW3_22450		-0.29942504	
CLCdnDe12_15898		-0.30003142	
Sotub12g014090.1.1		-0.3017401	
CLCdnRY7_43722		-0.30225542	
SdnRY1_27414		-0.30269185	
CLCdnRY10_5864		-0.30316034	
CLCdnPW21_910		-0.3043555	
SdnRY1_32261		-0.304425	
VdnPW2_12656		-0.30560958	
CLCdnDe5_58213		-0.30608243	
CLCdnDe13_38005		-0.3063215	
CLCdnDe7_1350		-0.30635038	
VdnDe1_9189		-0.3065395	
PBdnRY1_4246		-0.30786815	
CLCdnDe13_1477		-0.30856034	
VdnDe1_242006		-0.30898833	
Sotub08g007960.1.1		-0.30935168	
CLCdnPW50_4206		-0.30987912	
CLCdnDe11_10221		-0.31158084	
CLCdnRY10_5826		-0.3116296	
CLCdnDe4_22891		-0.31196073	
CLCdnPW26_1744		-0.31234968	
CLCdnDe7_4591		-0.3135786	
SdnPW1_19774		-0.3140784	
CLCdnDe2_18876		-0.31458488	
CLCdnPW26_13858		-0.31590715	
CLCdnPW45_14357		-0.3164008	
CLCdnDe6_5161		-0.31652698	
CLCdnDe13_3976		-0.31763345	
CLCdnDe4_14459		-0.31772602	
CLCdnDe6_134786		-0.3179029	
CLCdnPW2_5711		-0.31824827	
CLCdnRY9_7546		-0.31911826	
CLCdnDe4_24958		-0.31914917	
CLCdnDe13_16590		-0.31974816	
SdnRY1_7141		-0.32012296	
VdnPW2_24244		-0.32017213	
VdnDe3_60022		-0.3207892	
VdnPW1_30392		-0.3250539	
CLCdnDe6_10403		-0.32607865	
Sotub09g030250.1.1		-0.32617766	
CLCdnDe6_4178		-0.32913804	
CLCdnDe14_3736		-0.3299957	
PBdnRY1_2064		-0.33012214	
CLCdnRY11_16366		-0.3301241	
VdnDe3_24924		-0.3315422	
VdnDe4_56744		-0.33212507	
SdnPW1_15901		-0.33227172	
CLCdnRY5_8029		-0.33257008	
CLCdnPW48_17946		-0.3328746	
CLCdnPW10_29930		-0.3332206	
VdnDe2_37634		-0.33479038	
VdnDe3_72687		-0.3352809	
CLCdnDe8_5093		-0.33591363	
Sotub01g025110.1.1		-0.33594704	
CLCdnDe13_67017		-0.33651572	
CLCdnRY12_76165		-0.33767557	
CLCdnDe2_31431		-0.3379415	
PBdnRY1_12521		-0.33797494	
CLCdnPW49_1166		-0.3394778	
CLCdnPW50_5132		-0.33952808	
CLCdnDe10_5081		-0.3399184	
CLCdnDe11_4262		-0.3401093	
VdnPW1_112168		-0.3415528	
CLCdnDe6_12395		-0.3415687	
CLCdnPW46_30222		-0.34182107	
VdnDe1_796		-0.34220773	
SdnRY1_12612		-0.34234276	
CLCdnDe6_14378		-0.34276336	
VdnDe1_38954		-0.34416804	
VdnPW3_45943		-0.3445418	
CLCdnPW10_15782		-0.34606585	
CLCdnDe12_45605		-0.3468014	
CLCdnDe10_25091		-0.34751326	
CLCdnDe14_5579		-0.34861743	
SdnPW1_905		-0.35007322	
Sotub03g036630.1.1		-0.35036978	
VdnDe1_215846		-0.35060245	
Sotub03g009780.1.1		-0.35130918	
VdnDe3_14542		-0.35369432	
CLCdnRY10_989		-0.35396305	
PGSC0003DMP400026004		-0.35515046	
TDe_comp109336_c0_seq1		-0.35538235	
Sotub07g007660.1.1		-0.35550776	
SdnRY1_18532		-0.35591707	
Sotub03g031310.1.1		-0.35767415	
CLCdnDe1_12279		-0.3580501	
VdnPW4_8757		-0.3583826	
CLCdnPW16_30626		-0.35862476	
VdnPW2_50311		-0.35873446	
CLCdnDe12_1558		-0.35924506	
CLCdnPW10_8602		-0.35958764	
CLCdnPW26_42090		-0.36040556	
VdnDe1_296235		-0.36062047	
CLCdnDe6_7020		-0.36505574	
CLCdnDe14_13728		-0.36613667	
VdnPW2_37897		-0.3670094	
CLCdnPW48_2526		-0.3679373	
Sotub11g008610.1.1		-0.36809504	
CLCdnRY3_9509		-0.36879656	
CLCdnDe14_2402		-0.36882392	
CLCdnDe12_17458		-0.37230766	
VdnPW2_43773		-0.37324622	
VdnDe7_22908		-0.37960586	
CLCdnPW1_1598		-0.37969747	
Sotub03g014200.1.1		-0.37997988	
CLCdnDe3_31926		-0.38081145	
CLCdnRY6_3083		-0.3816463	
VdnPW6_1958		-0.38189253	
SdnRY1_19296		-0.38212594	
Sotub04g009730.1.1		-0.38290828	
Sotub06g033000.1.1		-0.3857474	
VdnPW4_18801		-0.38574868	
VdnDe1_188471		-0.3889367	
VdnPW1_131419		-0.38985908	
VdnPW3_109685		-0.39082253	
CLCdnRY11_14409		-0.3911505	
CLCdnRY12_3733		-0.39508218	
VdnPW2_21001		-0.39817023	
CLCdnPW11_6278		-0.3995694	
VdnPW3_88462		-0.3999616	
VdnPW3_81910		-0.4003206	
CLCdnPW45_3480		-0.40064207	
CLCdnPW38_9508		-0.40082327	
VdnDe5_24597		-0.40108532	
CLCdnDe12_12595		-0.40192512	
CLCdnDe11_20017		-0.40238044	
CLCdnPW16_19962		-0.4029623	
CLCdnDe7_30923		-0.4044167	
TDe_comp89072_c0_seq1		-0.40536702	
VdnPW4_21149		-0.40552837	
CLCdnDe6_33679		-0.40617815	
CLCdnPW12_5933		-0.40720168	
VdnPW3_25479		-0.4094348	
CLCdnDe11_26599		-0.40965682	
CLCdnDe6_17753		-0.41008928	
CLCdnDe7_6646		-0.4113006	
Sotub11g027990.1.1		-0.41149187	
VdnPW1_26523		-0.41220418	
CLCdnDe10_134165		-0.41230834	
SdnRY1_8787		-0.41381383	
CLCdnDe7_8427		-0.4140588	
CLCdnDe11_1800		-0.41518396	
CLCdnDe11_3162		-0.41520265	
CLCdnPW19_16104		-0.41628903	
PBdnRY1_2483		-0.417108	
CLCdnDe5_44895		-0.41755942	
CLCdnDe4_2543		-0.41999382	
CLCdnRY12_23267		-0.4229442	
CLCdnDe11_1388		-0.42368189	
CLCdnDe14_6566		-0.42391753	
VdnDe6_9722		-0.42442095	
CLCdnDe12_13906		-0.42454186	
VdnDe3_88340		-0.42465764	
TDe_comp105659_c1_seq2		-0.4250175	
CLCdnDe7_16136		-0.42689568	
CLCdnPW2_1715		-0.42710194	
CLCdnRY1_12652		-0.42734626	
CLCdnPW15_1043		-0.42788473	
CLCdnPW27_50		-0.42877594	
CLCdnDe11_7587		-0.42886811	
SdnRY1_15033		-0.42965004	
TPW_comp66961_c0_seq1		-0.43131042	
VdnPW1_84787		-0.43336064	
VdnDe3_50067		-0.4349317	
CLCdnPW10_6833		-0.43568453	
CLCdnDe14_1992		-0.4363566	
VdnPW3_53349		-0.4385012	
CLCdnPW2_864		-0.4389611	
PBdnRY1_5376		-0.4395435	
CLCdnDe1_2017		-0.43956146	
VdnPW6_382		-0.4396343	
SdnPW1_29909		-0.43970743	
CLCdnDe10_2367		-0.44009572	
Sotub06g018070.1.1		-0.44191793	
PBdnRY1_3578		-0.4433819	
PBdnRY1_12024		-0.44574854	
CLCdnDe2_10925		-0.44634396	
VdnDe3_12328		-0.44655102	
VdnPW3_24964		-0.44656983	
CLCdnDe14_4276		-0.44703743	
CLCdnPW49_7148		-0.44742727	
CLCdnRY10_1700		-0.4483674	
Sotub06g033340.1.1		-0.4485832	
VdnPW4_18166		-0.449947	
CLCdnDe11_192		-0.45032406	
VdnPW2_147143		-0.45063207	
Sotub11g027960.1.1		-0.4509789	
CLCdnDe10_14757		-0.45213506	
CLCdnPW12_4749		-0.452626	
VdnDe3_77600		-0.4540947	
VdnDe1_16756		-0.45458925	
CLCdnDe13_11239		-0.45499292	
VdnDe3_63818		-0.45706606	
CLCdnPW23_4767		-0.45728946	
VdnPW4_15007		-0.46109295	
CLCdnDe7_12133		-0.46144748	
PBdnRY1_13935		-0.46191195	
CLCdnRY12_39548		-0.46195853	
CLCdnRY5_637		-0.46250817	
CLCdnDe10_14611		-0.4625697	
CLCdnDe11_19028		-0.46286184	
Sotub04g027190.1.1		-0.46316323	
VdnPW5_6819		-0.4635993	
SdnRY1_23462		-0.4647495	
CLCdnDe7_175444		-0.4649007	
CLCdnDe10_31536		-0.46599394	
CLCdnDe3_27701		-0.4688044	
CLCdnDe12_9043		-0.4694086	
CLCdnDe5_237		-0.47581223	
CLCdnDe14_794		-0.47709262	
CLCdnDe12_48889		-0.47946417	
VdnPW3_22054		-0.47960028	
VdnDe2_152401		-0.48159966	
CLCdnDe6_8358		-0.48166543	
VdnPW1_205524		-0.48178357	
CLCdnDe11_13101		-0.48219776	
CLCdnRY11_11134		-0.48276323	
CLCdnPW16_87171		-0.4829961	
VdnDe3_78649		-0.48488468	
VdnDe4_75822		-0.48692262	
CLCdnPW12_6991		-0.48787507	
CLCdnDe13_2602		-0.48981723	
CLCdnDe14_1923		-0.4903082	
CLCdnRY10_3997		-0.49112073	
VdnDe7_391		-0.49159068	
PBdnRY1_9731		-0.49197558	
CLCdnDe12_17595		-0.49210814	
CLCdnDe14_17535		-0.49229142	
PBdnRY1_3986		-0.49279016	
CLCdnDe1_2117		-0.4946219	
CLCdnDe11_5293		-0.49540764	
CLCdnDe11_43115		-0.49741995	
VdnDe3_52821		-0.49766105	
VdnPW5_10427		-0.4976888	
CLCdnPW29_41556		-0.4987858	
CLCdnDe5_24176		-0.49888995	
CLCdnDe12_31310		-0.50220716	
CLCdnRY7_6458		-0.5032481	
SdnPW1_27496		-0.5065891	
VdnPW6_10676		-0.50722605	
CLCdnPW12_9403		-0.5079656	
Sotub08g009770.1.1		-0.51003784	
VdnPW1_28035		-0.51150584	
CLCdnPW36_310		-0.5121376	
VdnDe1_161491		-0.5128834	
CLCdnRY10_13347		-0.51341134	
PBdnRY1_11589		-0.5134428	
CLCdnRY10_7054		-0.5160705	
CLCdnRY11_13428		-0.51670647	
VdnDe5_4440		-0.5170227	
CLCdnPW11_6123		-0.5178046	
VdnDe3_16948		-0.5187451	
CLCdnDe1_13863		-0.5194131	
CLCdnPW23_2650		-0.520288	
CLCdnRY10_13692		-0.521003	
VdnPW3_10391		-0.5221274	
CLCdnPW24_1224		-0.52267265	
PBdnRY1_5960		-0.5244186	
CLCdnRY5_8306		-0.5271687	
VdnPW1_96241		-0.52731323	
CLCdnDe13_26257		-0.5294753	
VdnDe2_139485		-0.5299228	
VdnPW4_3217		-0.53031313	
PBdnRY1_3328		-0.5303866	
CLCdnRY11_10617		-0.5355701	
VdnDe3_156599		-0.53570175	
CLCdnDe5_6943		-0.5372931	
VdnDe1_111072		-0.5380908	
CLCdnDe10_127239		-0.5381748	
VdnPW5_19291		-0.5401238	
VdnDe1_39992		-0.541414	
VdnDe2_51169		-0.5422856	
TDe_comp110516_c2_seq1		-0.5447143	
CLCdnDe14_5844		-0.54600406	
CLCdnDe4_20205		-0.54830015	
SdnRY1_28289		-0.55016625	
CLCdnPW10_3280		-0.550887	
VdnDe5_67029		-0.55093324	
CLCdnPW13_15912		-0.55172837	
CLCdnDe4_7695		-0.5532852	
CLCdnDe10_591		-0.5534156	
VdnPW3_38757		-0.55353576	
PBdnRY1_5358		-0.55461234	
CLCdnPW4_4756		-0.55485874	
SdnRY1_25361		-0.55582714	
Sotub01g047060.1.1		-0.55675966	
CLCdnDe7_45211		-0.557052	
CLCdnDe10_31544		-0.5584672	
CLCdnRY1_7560		-0.559485	
VdnPW1_138604		-0.5597505	
CLCdnPW36_6972		-0.55979747	
VdnPW3_2431		-0.56188536	
VdnDe3_14354		-0.5618893	
SdnPW1_22075		-0.56280565	
VdnPW3_104975		-0.56357634	
CLCdnPW14_3047		-0.56385535	
PBdnRY1_1139		-0.564138	
Sotub02g017130.1.1		-0.5655226	
SdnPW1_9680		-0.56554747	
CLCdnPW14_76		-0.5659678	
CLCdnDe11_26260		-0.56669676	
SdnPW1_23449		-0.5669759	
CLCdnDe12_18802		-0.56875014	
CLCdnPW12_4447		-0.57260567	
VdnDe2_160468		-0.5748963	
CLCdnDe12_169955		-0.57792807	
CLCdnPW50_1046		-0.581081	
CLCdnPW19_13978		-0.58134073	
CLCdnDe1_14764		-0.5814826	
CLCdnPW2_1329		-0.5816915	
CLCdnDe10_1753		-0.5822831	
Sotub12g008750.1.1		-0.58276546	
CLCdnDe2_3468		-0.58325934	
CLCdnDe14_7639		-0.58748347	
VdnPW2_5104		-0.58770204	
VdnDe1_156674		-0.5878484	
VdnPW5_21020		-0.5891033	
CLCdnRY1_4638		-0.58916086	
VdnPW1_38851		-0.590501	
VdnDe3_93825		-0.59135157	
CLCdnDe5_26164		-0.5918673	
CLCdnPW47_11808		-0.59277624	
CLCdnPW19_38575		-0.596416	
CLCdnDe10_2915		-0.5969199	
CLCdnRY12_43058		-0.6010758	
CLCdnDe8_4649		-0.60116583	
CLCdnRY11_6337		-0.6012951	
CLCdnDe2_2420		-0.6014409	
CLCdnRY11_20704		-0.6015872	
CLCdnDe12_7533		-0.6022984	
CLCdnDe11_156355		-0.60243225	
Sotub01g005760.1.1		-0.6025153	
Sotub12g027900.1.1		-0.60403436	
Sotub11g025970.1.1		-0.6048736	
CLCdnRY11_34915		-0.6079133	
CLCdnDe4_4699		-0.6107267	
VdnPW3_4635		-0.6120708	
CLCdnDe8_538		-0.6123214	
CLCdnPW11_4087		-0.61303604	
VdnPW2_140227		-0.61358875	
CLCdnRY1_18063		-0.61545223	
CLCdnDe13_19877		-0.615933	
CLCdnDe6_9207		-0.616708	
CLCdnDe12_767		-0.6177241	
Sotub05g006820.1.1		-0.6177852	
CLCdnRY11_19303		-0.61798733	
CLCdnDe13_2237		-0.6192355	
CLCdnDe10_1456		-0.6210819	
VdnDe2_96680		-0.6227226	
CLCdnDe10_10493		-0.62438357	
CLCdnRY5_20566		-0.62582165	
VdnDe7_32001		-0.6261653	
CLCdnPW45_3807		-0.62969655	
CLCdnRY12_6566		-0.6299396	
VdnDe3_169487		-0.6306968	
PBdnRY1_9944		-0.6332578	
CLCdnPW12_3306		-0.6332722	
VdnDe3_34521		-0.6332763	
VdnDe1_141777		-0.63483924	
CLCdnPW49_9491		-0.6354132	
CLCdnPW6_24655		-0.636504	
CLCdnRY11_1589		-0.6365048	
CLCdnDe9_12276		-0.6367923	
VdnPW5_33376		-0.63756263	
VdnDe2_132960		-0.6392077	
CLCdnPW50_20560		-0.6404235	
VdnDe2_161810		-0.6406276	
CLCdnDe11_155334		-0.64471596	
Sotub10g006970.1.1		-0.644996	
TDe_comp105896_c0_seq1		-0.64548945	
VdnPW6_27679		-0.6457821	
VdnDe5_10136		-0.6467849	
VdnDe5_8166		-0.64798856	
CLCdnDe4_1794		-0.64901316	
VdnPW1_43544		-0.6500446	
VdnDe2_157118		-0.6508711	
CLCdnDe13_24833		-0.65593165	
CLCdnDe7_1642		-0.6559541	
CLCdnDe13_1091		-0.65646285	
CLCdnDe10_120844		-0.66237986	
CLCdnDe11_925		-0.66506004	
CLCdnPW46_21867		-0.6673541	
VdnDe4_47826		-0.66860527	
CLCdnDe13_39806		-0.67179173	
Sotub09g009710.1.1		-0.67408746	
VdnPW2_28576		-0.67563224	
CLCdnDe2_130008		-0.6797706	
VdnDe1_107535		-0.6800749	
VdnPW3_41699		-0.6815356	
CLCdnDe6_4953		-0.68358755	
PBdnRY1_11585		-0.68363166	
CLCdnPW50_8397		-0.6837012	
VdnPW2_31417		-0.6864138	
TPW_comp47286_c0_seq1		-0.68727934	
CLCdnRY2_7981		-0.6878365	
SdnRY1_12111		-0.68958837	
VdnDe4_117219		-0.6902723	
VdnDe2_61554		-0.6904989	
VdnPW2_84249		-0.6919273	
CLCdnPW16_2798		-0.69474304	
PBdnRY1_3130		-0.69497085	
CLCdnDe10_5889		-0.7069196	
CLCdnDe8_14		-0.70735407	
CLCdnDe12_22780		-0.70735997	
CLCdnPW49_2310		-0.7075638	
CLCdnDe6_3		-0.70850635	
TPW_comp75473_c0_seq3		-0.7132891	
Sotub01g029210.1.1		-0.71437687	
CLCdnPW13_5965		-0.7149252	
PBdnRY1_11909		-0.7150738	
CLCdnRY10_4551		-0.717708	
CLCdnDe5_94461		-0.7187261	
CLCdnDe5_1034		-0.72210425	
CLCdnDe5_27442		-0.72246444	
CLCdnPW27_7882		-0.7232851	
Sotub02g025290.1.1		-0.729797	
CLCdnDe7_11532		-0.72990227	
CLCdnRY10_6794		-0.7315418	
Sotub03g010670.1.1		-0.731816	
PBdnRY1_2915		-0.73309296	
CLCdnPW2_700		-0.73367447	
CLCdnRY7_10657		-0.73431504	
CLCdnDe13_13672		-0.7345511	
VdnDe1_88682		-0.73555386	
Sotub03g036140.1.1		-0.7425181	
VdnDe4_43797		-0.7484203	
CLCdnPW49_3584		-0.7501261	
VdnPW3_2747		-0.7509373	
SdnRY1_39498		-0.75342506	
CLCdnPW2_6262		-0.7541756	
VdnRY1_1656		-0.75428003	
Sotub01g049120.1.1		-0.75750214	
CLCdnDe14_9511		-0.7587673	
Sotub08g017640.1.1		-0.7601105	
Sotub04g010230.1.1		-0.7612616	
CLCdnRY2_5423		-0.7663383	
CLCdnDe13_67600		-0.7688669	
SdnRY1_33431		-0.76950175	
CLCdnPW2_4744		-0.7739341	
CLCdnPW45_18167		-0.7739712	
CLCdnDe14_41555		-0.774163	
CLCdnPW15_522		-0.7741659	
CLCdnDe12_15742		-0.77422756	
CLCdnDe8_324		-0.7781724	
CLCdnDe6_5757		-0.77921313	
CLCdnPW44_623		-0.7806403	
CLCdnDe6_495		-0.7884892	
CLCdnRY11_2047		-0.79152906	
VdnDe6_111624		-0.79417	
VdnPW3_1037		-0.7942254	
CLCdnRY10_6602		-0.7945327	
CLCdnDe10_8026		-0.79459	
CLCdnRY1_9169		-0.79483116	
CLCdnPW47_23788		-0.79605293	
CLCdnDe2_3843		-0.7961493	
VdnDe2_59308		-0.7962364	
CLCdnPW46_753		-0.79750735	
PGSC0003DMP400054631		-0.7977443	
Sotub08g025380.1.1		-0.79963136	
VdnPW1_15825		-0.80018944	
VdnDe3_23373		-0.803193	
VdnDe4_32427		-0.80424863	
VdnDe1_211976		-0.80486256	
CLCdnDe14_26447		-0.806251	
CLCdnPW42_238		-0.8100758	
Sotub12g025630.1.1		-0.81039274	
Sotub11g015570.1.1		-0.8144966	
VdnDe6_5600		-0.8150414	
CLCdnRY8_4829		-0.816765	
CLCdnDe2_10747		-0.8173563	
CLCdnDe10_12339		-0.8204276	
SdnRY1_10712		-0.8224859	
SdnRY1_22381		-0.82319814	
CLCdnPW10_11437		-0.8237878	
Sotub12g005540.1.1		-0.82629544	
VdnPW3_105526		-0.8263402	
CLCdnPW10_3012		-0.8284529	
VdnDe2_136139		-0.83033794	
VdnDe2_51433		-0.8314426	
VdnPW4_23226		-0.83180016	
VdnDe2_154883		-0.8319122	
CLCdnRY11_23870		-0.8327653	
CLCdnPW34_22553		-0.83326215	
VdnDe2_19774		-0.83457416	
VdnPW2_89921		-0.8352793	
CLCdnRY10_33149		-0.8376439	
CLCdnDe7_4185		-0.83806145	
VdnDe1_135677		-0.83866125	
VdnPW5_23315		-0.8388829	
VdnDe3_135182		-0.83908415	
Sotub01g047590.1.1		-0.8404297	
CLCdnPW10_20		-0.84089816	
VdnDe1_237842		-0.84137934	
PBdnRY1_11928		-0.8453731	
CLCdnRY12_259		-0.8597334	
CLCdnDe10_6153		-0.85987717	
TDe_comp80980_c0_seq2		-0.859958	
CLCdnDe2_1874		-0.8643766	
PBdnRY1_12104		-0.8645799	
PBdnRY1_1658		-0.8673489	
CLCdnDe10_12066		-0.8688742	
Sotub08g010510.1.1		-0.8689335	
VdnPW2_144401		-0.8691183	
VdnPW6_2347		-0.86915594	
CLCdnPW17_20514		-0.869202	
VdnPW1_25115		-0.869368	
VdnDe1_6913		-0.8704732	
CLCdnDe12_8355		-0.87070644	
CLCdnRY1_2092		-0.87395287	
CLCdnDe7_5901		-0.8802702	
CLCdnDe10_45		-0.8804734	
VdnDe2_2583		-0.88252383	
VdnDe4_47908		-0.88632923	
CLCdnDe13_17329		-0.889064	
CLCdnDe10_14803		-0.89141476	
VdnDe1_22090		-0.89416194	
CLCdnDe12_14635		-0.9055455	
CLCdnDe10_11658		-0.9060262	
CLCdnDe1_12673		-0.90605587	
CLCdnRY10_5829		-0.9077646	
SdnRY1_30543		-0.9112447	
SdnRY1_18493		-0.91454	
CLCdnPW35_7133		-0.92197233	
VdnPW2_25295		-0.9238184	
CLCdnRY10_4670		-0.9245259	
CLCdnDe14_141		-0.92557806	
CLCdnDe10_3349		-0.92646104	
VdnDe5_44555		-0.92822504	
VdnDe4_92176		-0.93079156	
CLCdnDe12_32163		-0.9314993	
SdnRY1_15283		-0.93650204	
CLCdnDe13_2078		-0.9378254	
CLCdnDe14_10719		-0.94023937	
CLCdnDe7_9289		-0.94261	
VdnPW2_71865		-0.9432297	
CLCdnPW50_30127		-0.94487315	
PBdnRY1_4566		-0.94531554	
CLCdnDe10_1896		-0.94558114	
Sotub06g034190.1.1		-0.94614315	
CLCdnDe11_16305		-0.94637144	
CLCdnPW20_1222		-0.95451444	
VdnPW3_12189		-0.9567559	
CLCdnDe10_8305		-0.9586271	
VdnPW3_25945		-0.959248	
VdnDe1_46512		-0.96052116	
VdnDe6_49383		-0.9737769	
PBdnRY1_7774		-0.9738604	
CLCdnRY10_6320		-0.97445965	
SdnRY1_15009		-0.97625333	
VdnRY1_208207		-0.9809389	
CLCdnDe14_41356		-0.9885989	
PBdnRY1_8849		-0.99001825	
CLCdnPW12_35676		-0.99217814	
VdnDe1_95569		-0.99542785	
VdnDe1_233588		-0.9976605	
CLCdnDe5_43705		-0.9978877	
TPW_comp68581_c0_seq2		-1.0050149	
VdnPW2_100802		-1.0054349	
Sotub12g030060.1.1		-1.0057443	
CLCdnDe1_89		-1.0077394	
VdnPW3_17764		-1.0099404	
PBdnRY1_373		-1.0118015	
CLCdnDe11_2286		-1.0138347	
VdnDe1_662		-1.0142083	
Sotub10g008450.1.1		-1.0153097	
Sotub04g022750.1.1		-1.0167171	
VdnDe2_5737		-1.017009	
CLCdnDe11_28479		-1.0207291	
CLCdnDe13_6795		-1.0236354	
VdnPW1_46643		-1.0319549	
CLCdnDe11_79517		-1.0349939	
PBdnRY1_13696		-1.0427986	
PBdnRY1_14572		-1.0451123	
Sotub09g007810.1.1		-1.0641631	
PBdnRY1_9551		-1.0679963	
CLCdnDe10_7260		-1.0711259	
CLCdnDe5_28353		-1.0751635	
CLCdnDe6_58690		-1.0755249	
TDe_comp110148_c0_seq1		-1.0789063	
CLCdnDe3_77018		-1.0914905	
VdnPW1_66741		-1.094133	
VdnPW7_1069		-1.0949818	
CLCdnRY10_6179		-1.1010998	
CLCdnDe11_5660		-1.1052618	
CLCdnRY11_2802		-1.1108065	
VdnDe3_39509		-1.112869	
CLCdnDe13_968		-1.1195631	
CLCdnRY11_20744		-1.1258448	
VdnDe1_45593		-1.1267982	
CLCdnRY8_533		-1.128706	
CLCdnPW12_7160		-1.1315478	
PBdnRY1_4186		-1.1346873	
VdnDe3_80988		-1.13906	
CLCdnRY10_9110		-1.1420625	
VdnPW1_85448		-1.1483884	
CLCdnRY10_183		-1.1485918	
CLCdnDe5_1537		-1.1617955	
CLCdnRY11_9823		-1.1626891	
VdnPW2_7882		-1.1754262	
CLCdnDe11_2084		-1.2101723	
CLCdnPW2_14411		-1.2377038	
VdnPW3_15865		-1.2499346	
PBdnRY1_2063		-1.2524209	
CLCdnDe8_368		-1.2578284	
Sotub02g010840.1.1		-1.2632333	
CLCdnDe14_32441		-1.2750728	
VdnPW3_51045		-1.2853848	
CLCdnPW2_4007		-1.2865765	
CLCdnDe11_26665		-1.2892514	
CLCdnRY11_78579		-1.3219972	
CLCdnDe13_33222		-1.3232833	
CLCdnRY5_6334		-1.3383304	
PBdnRY1_1032		-1.34258	
CLCdnDe7_5841		-1.3592721	
VdnDe7_11284		-1.3656185	
CLCdnPW44_5615		-1.3684914	
SdnRY1_11901		-1.3722765	
SdnPW1_2729		-1.3769697	
CLCdnRY12_2990		-1.3800381	
VdnDe2_108376		-1.3825839	
Sotub09g026800.1.1		-1.4117967	
VdnDe1_44443		-1.4220169	
CLCdnDe3_2900		-1.4228257	
CLCdnRY10_20425		-1.4288619	
VdnPW2_3016		-1.4337989	
CLCdnPW12_22275		-1.4701842	
VdnPW2_67497		-1.4709233	
CLCdnDe12_9663		-1.4713037	
CLCdnDe12_34831		-1.5066258	
VdnPW2_17662		-1.5143137	
CLCdnDe10_714		-1.5405843	
CLCdnDe11_2692		-1.5926088	
VdnDe2_99082		-1.5985866	
CLCdnDe8_11370		-1.6419885	
CLCdnRY11_292		-1.6905545	
PGSC0003DMP400048774		-1.6908574	
CLCdnPW17_6236		-1.7003319	
SdnPW1_3867		-1.7807617	
CLCdnDe11_7643		-1.837214	
CLCdnPW12_4395		-1.8486103	
CLCdnRY11_6807		-1.9067864	
VdnDe1_50166		-1.9187434	
CLCdnDe11_4008		-2.0231466	
VdnDe2_51479		-2.027679	
CLCdnPW2_10686		-2.0415359	
VdnDe6_38110		-2.1581557	
CLCdnDe6_10585		-2.449788	
