name	biochem_net_name	display_name	pathway	protein_name	short_name	group	mapman_bin	description	D08.logFC	D14.logFC	D28.logFC	H01.logFC	H07.logFC	H08.logFC	H14.logFC	H28.logFC	HD08.logFC	HD14.logFC	HD28.logFC	W01.logFC	W07.logFC	W28.logFC	D08.percent_relative_change	D14.percent_relative_change	D28.percent_relative_change	H01.percent_relative_change	H07.percent_relative_change	H08.percent_relative_change	H14.percent_relative_change	H28.percent_relative_change	HD08.percent_relative_change	HD14.percent_relative_change	HD28.percent_relative_change	W01.percent_relative_change	W07.percent_relative_change	W28.percent_relative_change	D08.color	D14.color	D28.color	H01.color	H07.color	H08.color	H14.color	H28.color	HD08.color	HD14.color	HD28.color	W01.color	W07.color	W28.color
bio.Ca2+	Ca2+	Ca²⁺	Ca			small_molecule		Calcium																																										
bio.betaine	betaine	Betaine	ABA			small_molecule		Betaine																																										
ho.ABA	ABA	ABA	ABA			hormonomics		Abscisic acid	-0.187646393740066	0.945339872400306		0.336842984475613	-0.736414730403146	-1.54081230084635	-0.48012632074314		-0.5282447397087	-0.041874686541021		0.795282147093236	2.47784710376697																-0.187646393740066	0.945339872400306		0.336842984475613	-0.736414730403146	-1.54081230084635	-0.48012632074314		-0.5282447397087	-0.041874686541021		0.795282147093236	2.47784710376697	
ho.DPA	DPA	DPA	ABA			hormonomics		Dehydrophaseic acid	-1.02195882214298	1.765729192724		0.889837680897021	0.367776448720942	-0.61936319550207	1.26795361128492		1.37721514540389	2.25684228037823		0.501794355982777	2.59247437083183																-1.02195882214298	1.765729192724		0.889837680897021	0.367776448720942	-0.61936319550207	1.26795361128492		1.37721514540389	2.25684228037823		0.501794355982777	2.59247437083183	
ho.GABA	GABA	GABA	Amino			hormonomics		Gamma-aminobutyric acid																																										
ho.IAA	IAA	IAA	IAA			hormonomics		Indole-3-acetic acid (Auxin)	-0.163057946352959	0.086989507520227		0.045647373900851	0.244665309539856	0.300242597574229	0.416827910301236		0.151046075691116	0.444212048743277		-0.301706388376147	-0.074583503751189																-0.163057946352959	0.086989507520227		0.045647373900851	0.244665309539856	0.300242597574229	0.416827910301236		0.151046075691116	0.444212048743277		-0.301706388376147	-0.074583503751189	
ho.IAA.Asp	IAA-Asp	IAA-Asp	IAA			hormonomics		Indole-3-acetyl-aspartate	-0.348169217321149	-0.485304736378741		0.031304335248813	-0.047573895593693	0.94268151198908	-0.18216537210576		0.520200598804415	-0.02898785594626		0.220083244327021	-0.075973718936514																-0.348169217321149	-0.485304736378741		0.031304335248813	-0.047573895593693	0.94268151198908	-0.18216537210576		0.520200598804415	-0.02898785594626		0.220083244327021	-0.075973718936514	
ho.JA	JA	JA	JA			hormonomics		Jasmonic acid	0.210590264283014	-1.42067583225265		0.736159728733515	0.571937717226928	-1.59286338455374	0.380959605818014		-0.579278371494536	0.229281538178599		0.249431728675808	-0.516019605760887																0.210590264283014	-1.42067583225265		0.736159728733515	0.571937717226928	-1.59286338455374	0.380959605818014		-0.579278371494536	0.229281538178599		0.249431728675808	-0.516019605760887	
ho.JA.Ile	JA-Ile	JA-Ile	JA			hormonomics		Jasmonoyl-isoleucine	2.17259041936832	-0.316509195266378		0.142980237354723	1.08990654950989	3.28313441945856	0.385721148079089		2.40617819052434	2.15950266249815		-0.162437521796738	0.587437277187007																2.17259041936832	-0.316509195266378		0.142980237354723	1.08990654950989	3.28313441945856	0.385721148079089		2.40617819052434	2.15950266249815		-0.162437521796738	0.587437277187007	
ho.PA	PA	PA	ABA			hormonomics		Phaseic acid	-1.19904561311871	0.974430244288884		0.175787647268799	-0.769675331199757	-1.28600552309754	0.313711849104365		0.763927826332568	0.471154420898614		1.05765087607325	3.05594107771618																-1.19904561311871	0.974430244288884		0.175787647268799	-0.769675331199757	-1.28600552309754	0.313711849104365		0.763927826332568	0.471154420898614		1.05765087607325	3.05594107771618	
ho.SA	SA	SA	SA			hormonomics		Salicylic acid	-0.525779239687546	-0.414463847439594		0.384275980858718	-0.263598655083447	0.138467641794984	1.14137029049339		-0.380624050863032	0.912094941499449		0.099281660059146	1.02938522818681																-0.525779239687546	-0.414463847439594		0.384275980858718	-0.263598655083447	0.138467641794984	1.14137029049339		-0.380624050863032	0.912094941499449		0.099281660059146	1.02938522818681	
ho.X12.OH.JA	12-OH-JA	12-OH-JA	JA			hormonomics		12-Hydroxyjasmonic acid	-0.270226882157978	-0.750778971775311		1.40785022291447	-0.057979807637859	-1.04893762285562	0.250858006552194		-1.37554342087505	-0.436833380836507		0.732617672958098	0.170517014545752																-0.270226882157978	-0.750778971775311		1.40785022291447	-0.057979807637859	-1.04893762285562	0.250858006552194		-1.37554342087505	-0.436833380836507		0.732617672958098	0.170517014545752	
ho.X9.10.dhJA	9,10-dhJA	9,10-dhJA	JA			hormonomics		9,10-Dihydrojasmonic acid	-0.429405956395192	-0.190769400725299		0.745790108515499	-0.273136323457356	0.604954067268111	0.010287891087881		-0.371449373120364	-2.03002714479285		1.14645349338807	0.562841888288665																-0.429405956395192	-0.190769400725299		0.745790108515499	-0.273136323457356	0.604954067268111	0.010287891087881		-0.371449373120364	-2.03002714479285		1.14645349338807	0.562841888288665	
ho.cisOPDA	cisOPDA	cisOPDA	JA			hormonomics		cis-(+)-12-oxo-phytodienoic acid	-0.386041992585771	0.044527911685007		-0.203154832866929	0.081097525102631	-2.43519057427523	-0.790904276955253		-0.922183523333853	-0.206284260718027		-0.009112596066348	1.56022631806951																-0.386041992585771	0.044527911685007		-0.203154832866929	0.081097525102631	-2.43519057427523	-0.790904276955253		-0.922183523333853	-0.206284260718027		-0.009112596066348	1.56022631806951	
ho.neoPA	neoPA	neoPA				hormonomics		Neophaseic acid																																										
ho.oxIAA	oxIAA	oxIAA	IAA			hormonomics		2-oxindole-3-acetic acid	0.01852826119163	0.092786162462445		-0.027238931095591	-0.271811432157029	0.213670861910204	-1.07853403597627		-0.181177359567774	-1.12727220667702		0.301813169604505	-0.175799489275918																0.01852826119163	0.092786162462445		-0.027238931095591	-0.271811432157029	0.213670861910204	-1.07853403597627		-0.181177359567774	-1.12727220667702		0.301813169604505	-0.175799489275918	
me.Ala	Ala	Ala	Amino			metabolomics		Alanine	-0.026608107387885	0.418664783196515	-0.136843108569	0.370812755918671	-0.070066926123722	-0.140335800979578	0.450222739401969	-0.730544697938852	-0.056736490126474	0.70399084827331	-0.436938827021379	-0.123141313697454	-0.915096923146103	0.919012944773445															-0.026608107387885	0.418664783196515	-0.136843108569	0.370812755918671	-0.070066926123722	-0.140335800979578	0.450222739401969	-0.730544697938852	-0.056736490126474	0.70399084827331	-0.436938827021379	-0.123141313697454	-0.915096923146103	0.919012944773445
me.Arg	Arg	Arg	Amino			metabolomics		Arginine	-0.24811835351277	0.430519418119893	-0.291071313633648	0.41932952576707	0.459228853185028	0.243545834305516	1.28884584485167	-0.710488616515091	0.069477772781704	1.90669423949339	-0.261946712670337	0.927657138152053	1.64906381021236	1.58841718495105															-0.24811835351277	0.430519418119893	-0.291071313633648	0.41932952576707	0.459228853185028	0.243545834305516	1.28884584485167	-0.710488616515091	0.069477772781704	1.90669423949339	-0.261946712670337	0.927657138152053	1.64906381021236	1.58841718495105
me.Asn	Asn	Asn	Amino			metabolomics		Asparagine	-0.110813818490508	0.770437432608307	-0.12414735833001	0.996389638814328	0.705018608448444	0.520425501696806	1.64624332662263	-0.508422226496879	0.487531638264491	1.52437717649292	-0.187391130935334	0.195182228965489	1.57560426145293	2.80215551097744															-0.110813818490508	0.770437432608307	-0.12414735833001	0.996389638814328	0.705018608448444	0.520425501696806	1.64624332662263	-0.508422226496879	0.487531638264491	1.52437717649292	-0.187391130935334	0.195182228965489	1.57560426145293	2.80215551097744
me.Asp	Asp	Asp	Amino			metabolomics		Aspartic Acid	-0.593545406475698	-0.132287280193879	-0.106589014838548	-0.574633652113762	-0.023276580343268	-0.258778161532421	0.226442520048563	-0.037747545414993	-0.566165353241889	-0.067594359795631	0.163882164632403	-0.307966319686621	-1.01681947015895	1.23030448584767															-0.593545406475698	-0.132287280193879	-0.106589014838548	-0.574633652113762	-0.023276580343268	-0.258778161532421	0.226442520048563	-0.037747545414993	-0.566165353241889	-0.067594359795631	0.163882164632403	-0.307966319686621	-1.01681947015895	1.23030448584767
me.Fructose	Fructose	Fructose	Starch			metabolomics		Fructose	-0.396824584111716	1.2903697773043	0.18546665565334	-0.204319570144713	-0.670125536247167	-1.09021134978703	1.32671634960759	-0.362076211865525	-0.652431108716765	1.0828668260056	0.496829936605101	1.6115426807427	-0.644883488267871	0.708483229443928															-0.396824584111716	1.2903697773043	0.18546665565334	-0.204319570144713	-0.670125536247167	-1.09021134978703	1.32671634960759	-0.362076211865525	-0.652431108716765	1.0828668260056	0.496829936605101	1.6115426807427	-0.644883488267871	0.708483229443928
me.Gln	Gln	Gln	N			metabolomics		Glutamine	0.357384081389586	0.185122607788688	-0.05603622764119	-0.038773716596756	-0.959351725316033	-0.709448810311219	-0.069214665848097	-0.562494103430534	-0.733076865301483	0.066427108041313	-0.097865159249873	-0.334894377852544	0.82648744647466	2.61104227163834															0.357384081389586	0.185122607788688	-0.05603622764119	-0.038773716596756	-0.959351725316033	-0.709448810311219	-0.069214665848097	-0.562494103430534	-0.733076865301483	0.066427108041313	-0.097865159249873	-0.334894377852544	0.82648744647466	2.61104227163834
me.Glu	Glu	Glu	N			metabolomics		Glutamic Acid	-0.339245903099886	-0.179424942450559	-0.224992404771376	0.308303615747198	0.256171976649929	-0.003408702604986	-0.114537394641864	-0.404060015247993	0.016068111303746	-0.086365863814226	-0.298511688300525	0.574969337546969	0.108893948282219	0.091060406153275															-0.339245903099886	-0.179424942450559	-0.224992404771376	0.308303615747198	0.256171976649929	-0.003408702604986	-0.114537394641864	-0.404060015247993	0.016068111303746	-0.086365863814226	-0.298511688300525	0.574969337546969	0.108893948282219	0.091060406153275
me.Glukose	Glucose	Glucose	Starch			metabolomics		Glucose	-0.312886857713309	1.20100139389112	-0.519926597174222	-0.519311392160032	-0.74833142085037	-1.63723194274171	1.11726192509744	0.886497897715864	-1.17372217220544	1.21533701884886	1.02618371670498	1.87021648019322	0.866293653397896	-0.36330939451462															-0.312886857713309	1.20100139389112	-0.519926597174222	-0.519311392160032	-0.74833142085037	-1.63723194274171	1.11726192509744	0.886497897715864	-1.17372217220544	1.21533701884886	1.02618371670498	1.87021648019322	0.866293653397896	-0.36330939451462
me.Gly	Gly	Gly	Amino			metabolomics		Glycine	-0.396418258784386	0.030063895524926	-0.299502480784475	-0.6238776161058	0.271657016587298	-0.37623540099173	-0.062570944529588	-0.845795115991856	-0.302728282587207	0.155446900103682	-0.568298976404271	0.110863490505563	2.95608606695001	1.044611488586															-0.396418258784386	0.030063895524926	-0.299502480784475	-0.6238776161058	0.271657016587298	-0.37623540099173	-0.062570944529588	-0.845795115991856	-0.302728282587207	0.155446900103682	-0.568298976404271	0.110863490505563	2.95608606695001	1.044611488586
me.His	His	His	Amino			metabolomics		Histidine	0.146838179301788	1.1934033635004	-0.428341816347493	0.383667818020227	1.56269816100148	1.0074841648499	2.0041534370621	-0.664027559626874	1.15227739626093	3.01764130742955	-0.322171245679813	0.081040781221763	3.35827168207497	1.5455823063581															0.146838179301788	1.1934033635004	-0.428341816347493	0.383667818020227	1.56269816100148	1.0074841648499	2.0041534370621	-0.664027559626874	1.15227739626093	3.01764130742955	-0.322171245679813	0.081040781221763	3.35827168207497	1.5455823063581
me.Ile	Ile	Ile	Amino			metabolomics		Isoleucine	0.163987798416925	0.346058285805119	-0.249636735247554	0.554245839060114	1.27049840465744	0.234621129417588	1.75085715129766	-0.541872697877391	0.667743571322473	1.92138431445707	-0.323158573095153	0.525581718897842	2.84925755585087	1.00085575129447															0.163987798416925	0.346058285805119	-0.249636735247554	0.554245839060114	1.27049840465744	0.234621129417588	1.75085715129766	-0.541872697877391	0.667743571322473	1.92138431445707	-0.323158573095153	0.525581718897842	2.84925755585087	1.00085575129447
me.Leu	Leu	Leu	Amino			metabolomics		Leucine	0.326289016771934	0.15991504635616	-0.297701302906049	0.38074713836294	0.152867828361051	-0.009246080287516	0.553919785299692	-0.294804473058566	0.370467323774638	1.00163397386272	-0.075450772092708	1.02832243517286	3.46020701877185	1.01742947822956															0.326289016771934	0.15991504635616	-0.297701302906049	0.38074713836294	0.152867828361051	-0.009246080287516	0.553919785299692	-0.294804473058566	0.370467323774638	1.00163397386272	-0.075450772092708	1.02832243517286	3.46020701877185	1.01742947822956
me.Lys	Lys	Lys	Amino			metabolomics		Lysine	0.058181012101183	0.531992274478175	-0.477494010600951	0.289313012051542	0.247999430451574	0.010889770986791	0.77296923442622	-0.876073385281995	0.462549285542446	1.85473515690074	-0.752722113801737	0.629050085903165	2.38277445628563	0.433978793992145															0.058181012101183	0.531992274478175	-0.477494010600951	0.289313012051542	0.247999430451574	0.010889770986791	0.77296923442622	-0.876073385281995	0.462549285542446	1.85473515690074	-0.752722113801737	0.629050085903165	2.38277445628563	0.433978793992145
me.Met	Met	Met	Amino			metabolomics		Methionine	-0.089379212914606	-1.5	-0.239194735438483	-0.267277749503696	0.198876577894706	0.111606860559132	1.16173818437707	-0.816977147717912	0.344868736721028	2.29323187240096	-0.484916629977814	-0.410928510242207	0.991703211388274	0.407720540904393															-0.089379212914606	-1.5	-0.239194735438483	-0.267277749503696	0.198876577894706	0.111606860559132	1.16173818437707	-0.816977147717912	0.344868736721028	2.29323187240096	-0.484916629977814	-0.410928510242207	0.991703211388274	0.407720540904393
me.Phe	Phe	Phe	SA			metabolomics		Phenylalanine	-0.442366862797783	-0.200401769260338	-0.389439443891856	0.120846040605845	0.240891279021767	-0.410817011974257	0.390482043572352	-1.43677648543743	-0.583158678764013	0.531493431444169	-1.08970273005937	0.431982274689165	1.49266222999324	-1.15846881658452															-0.442366862797783	-0.200401769260338	-0.389439443891856	0.120846040605845	0.240891279021767	-0.410817011974257	0.390482043572352	-1.43677648543743	-0.583158678764013	0.531493431444169	-1.08970273005937	0.431982274689165	1.49266222999324	-1.15846881658452
me.Pro	Pro	Pro	Pro			metabolomics		Proline	0.297859955552246	2.05998496018121	-0.241199093814465	0.67391959743777	0.136075107886268	-0.347652853192666	-0.049853076158002	-0.130800794254114	0.136962493478875	0.636731109739206	0.027703726903003	0.966525601586957	3.45250020695074	2.84996873865545															0.297859955552246	2.05998496018121	-0.241199093814465	0.67391959743777	0.136075107886268	-0.347652853192666	-0.049853076158002	-0.130800794254114	0.136962493478875	0.636731109739206	0.027703726903003	0.966525601586957	3.45250020695074	2.84996873865545
me.Ser	Ser	Ser	Amino			metabolomics		Serine	-0.390185089615558	-0.286388675852818	-0.145503739623802	-0.370515600612618	-0.391367029090445	-0.399540286035052	-0.443951474131417	-0.594997288528194	-0.693902055340962	-0.853418296086625	-0.374445954868548	-0.349183642393497	0.729832539417577	1.44675977496897															-0.390185089615558	-0.286388675852818	-0.145503739623802	-0.370515600612618	-0.391367029090445	-0.399540286035052	-0.443951474131417	-0.594997288528194	-0.693902055340962	-0.853418296086625	-0.374445954868548	-0.349183642393497	0.729832539417577	1.44675977496897
me.Starch	Starch	Starch	Starch			metabolomics		Starch	-0.428372762195082	-0.792893273597747	0.114523214801173	-1.40709693502229	-1.24868894424506	-1.84779815017149	-0.242180095010848	-0.418730227650876	-1.75417266806305	-0.429449868023304	-0.289434613074475	0.290262575859689	-0.266374650697018	-0.562760058753563															-0.428372762195082	-0.792893273597747	0.114523214801173	-1.40709693502229	-1.24868894424506	-1.84779815017149	-0.242180095010848	-0.418730227650876	-1.75417266806305	-0.429449868023304	-0.289434613074475	0.290262575859689	-0.266374650697018	-0.562760058753563
me.Sucrose	Sucrose	Sucrose	Starch			metabolomics		Sucrose	0.023601379815864	-0.427710674610815	0.014171013900854	0.224291859439554	-0.39884735774462	-0.41602898316109	-0.10406823544746	0.019092284199683	-0.083508718467271	0.080765369785723	0.480031652037586	-0.090073641952011	-0.507028352508569	2.04988170322479															0.023601379815864	-0.427710674610815	0.014171013900854	0.224291859439554	-0.39884735774462	-0.41602898316109	-0.10406823544746	0.019092284199683	-0.083508718467271	0.080765369785723	0.480031652037586	-0.090073641952011	-0.507028352508569	2.04988170322479
me.Thr	Thr	Thr	Amino			metabolomics		Threonine	-0.066504748748447	0.063738585517528	-0.083150319663583	0.056365114515327	-0.023357736136946	-0.26521963343662	0.034391575028463	-0.77493594745384	-0.446433838942464	0.320293355867549	-0.36496636397524	0.180386451806538	0.436745965050375	1.18932247774198															-0.066504748748447	0.063738585517528	-0.083150319663583	0.056365114515327	-0.023357736136946	-0.26521963343662	0.034391575028463	-0.77493594745384	-0.446433838942464	0.320293355867549	-0.36496636397524	0.180386451806538	0.436745965050375	1.18932247774198
me.Trp	Trp	Trp	Amino			metabolomics		Tryptophan																																										
me.Tyr	Tyr	Tyr	Amino			metabolomics		Tyrosine	-0.126038611869952	0.343352393773746	-0.361046344559144	0.351742251831151	0.782108838282172	0.241181454463498	1.52090571369602	-0.823652396350633	0.55758800618314	2.36397006341575	-0.741678542871643	0.523019041251933	2.82043548506292	-0.058539994541723															-0.126038611869952	0.343352393773746	-0.361046344559144	0.351742251831151	0.782108838282172	0.241181454463498	1.52090571369602	-0.823652396350633	0.55758800618314	2.36397006341575	-0.741678542871643	0.523019041251933	2.82043548506292	-0.058539994541723
me.Val	Val	Val	Amino			metabolomics		Valine	0.122517774107077	0.377960599409185	-0.141059514136074	0.134935759112789	0.139310116872124	-0.223329684706605	0.956527594832286	-0.640139666998834	0.228642379898162	1.46826164000101	-0.300971388563092	0.721024731725654	2.51418549617413	0.963165732395165															0.122517774107077	0.377960599409185	-0.141059514136074	0.134935759112789	0.139310116872124	-0.223329684706605	0.956527594832286	-0.640139666998834	0.228642379898162	1.46826164000101	-0.300971388563092	0.721024731725654	2.51418549617413	0.963165732395165
ph.COMPACTNESS	COMPACTNESS	Compactness				phenomics		Compactness of the plant, calculated as the ratio between area and surface of convex hull enveloping particular plant.															-2.430195995948292	-5.307487234827235		3.028002766506277	9.335356825495268	8.731330593105247	3.957548026608282		9.069207335814422	3.4481235975265756		-10.326108152337854	-18.110559532932523		24.975698040040516	24.946925127651728		25.030280027665064	25.09335356825495	25.08731330593105	25.039575480266084		25.090692073358145	25.034481235975267		24.896738918476622	24.818894404670676	
ph.DW_SH_Total	DW_SH_Total	Dry weight	Starch			phenomics		Dry weight of the shoot biomass cut at the collar, measured after 48h in the dryer at 60°C.															-11.651599942602953	-11.998161704362676		7.199665131854327	-12.180841849991342	-26.811594202898537	22.656993730098797		-12.487444396613567	-10.497981157469717		-6.5648109390260885	-24.02217218084186		24.883484000573972	24.880018382956372		25.071996651318543	24.878191581500086	24.731884057971016	25.226569937300987		24.875125556033865	24.895020188425303		24.93435189060974	24.759778278191583	
ph.FW_SH_Total	FW_SH_Total	Fresh weight				phenomics		Fresh weight of the shoot biomass cut at the collar.															-8.833501983463831	-12.296003111389009		4.351275543339006	-14.484939799316187	-13.602343737394463	-0.5588896982511304		-15.603786675640851	-18.57185525165077		-8.726773596761905	-36.90763284938016		24.911664980165362	24.87703996888611		25.04351275543339	24.855150602006837	24.863976562626057	24.994411103017487		24.84396213324359	24.81428144748349		24.912732264032382	24.6309236715062	
ph.Fv.Fm	Fv.Fm	Fv/Fm	PS			phenomics		Steady-state fluorescence of maximum efficiency of PSII photochemistry in the light trait based on chlorophyll fluorescence top view. 															-0.2203053524398535	-1.1731516968290001		0.6896268459676946	2.2545890728134177	2.309246925016062	-2.0303991363696983		1.0838741836624477	-3.8089312312402646		-0.505253154240326	-21.120809780373186		24.997796946475603	24.98826848303171		25.006896268459677	25.022545890728136	25.02309246925016	24.979696008636303		25.010838741836626	24.9619106876876		24.994947468457596	24.78879190219627	
ph.Num_Tubers	Num_Tubers	Number tubers				phenomics		Total number of the tubers produced by each plant.																	26.0					32.00000000000001			15.999999999999993			-82.0			25.26					25.32			25.16			24.18
ph.TOP.AREA	TOP.AREA	Top area				phenomics		Geometry trait based on visible-light top view (projected plant area in pixels). 															-2.3260335029726464	-17.41153807496928		-0.31842522217240266	-19.731636795969386	-20.09371600984615	-24.153557610478305		-25.19979450361539	-35.06464390019867		-10.159914482742504	-53.05764879845412		24.976739664970275	24.825884619250306		24.996815747778275	24.802683632040306	24.799062839901538	24.758464423895216		24.748002054963845	24.649353560998012		24.898400855172575	24.46942351201546	
ph.Total_Tubers_Weight	Total_Tubers_Weight	Total tubers weight				phenomics		Total weight of the tubers produced by each plant.																	-4.640835350363071					-48.286691604488816			-48.36470564701647			-97.40353263587446			24.95359164649637					24.517133083955112			24.516352943529835			24.025964673641255
ph.VdnPW1_81435	VdnPW1_81435	ACSL		VdnPW1_81435	ACSL	proteomics	['11.1.9 lipid metabolism.FA synthesis and FA elongation.long chain fatty acid CoA ligase', '11.1 lipid metabolism.FA synthesis and FA elongation', '11 lipid metabolism']	Long-chain-fatty-acid-CoA ligase				0.121								1.11																				0.121								1.11		
ph.WATER.CONSUMPTION	WATER.CONSUMPTION	Water consumption				phenomics		Absolute weight trait based on weighing of the entire pot in time.															-3.1029619181946466	-47.06616729088638		100.23364485981313	65.44021024967151	68.40620592383637	42.1972534332085		33.427362482369524	-22.72159800249688		17.99065420560748	-67.93692509855454		24.968970380818053	24.529338327091136		26.002336448598133	25.654402102496714	25.684062059238364	25.421972534332085		25.334273624823695	24.77278401997503		25.179906542056074	24.320630749014455	
ph.deltaT	deltaT	Δ Temperature				phenomics		Steady-state absolute plant temperature normalized to ambient temperature trait based on side view thermal imaging and environmental sensors. 															-6.612694510807948	33.749663418605614		-50.997688622888184	-51.57462319769143	-26.94674539463835	-22.137236263601757		-6.498748564921986	2.3088409211222016		43.03306492091006	137.35353351603058		24.93387305489192	25.337496634186056		24.49002311377112	24.484253768023084	24.730532546053617	24.778627637363982		24.93501251435078	25.023088409211223		25.4303306492091	26.373535335160305	
ph.qL	qL	qL	PS			phenomics		Steady-state estimation of the fraction of open reaction centers in PSII trait based on chlorophyll fluorescence top view. 															0.16058114586638972	4.085153074555725		-5.307026265580617	-15.523284135527549	-15.176469759034106	-21.336850214232406		-9.124367279075972	-13.67707968783658		-0.30298031590529906	-1.2773781517025795		25.001605811458663	25.040851530745556		24.946929737344195	24.844767158644725	24.84823530240966	24.786631497857677		24.90875632720924	24.863229203121634		24.996970196840948	24.987226218482974	
pr.ACA11	VdnPW4_15664	ACA11	Ca	VdnPW4_15664	ACA11	proteomics	['34.21 transport.calcium', '30.3 signalling.calcium', '34 transport', '30 signalling']	Calcium-transporting ATPase 1	-0.067	0.358				1.79			0.287																				-0.067	0.358				1.79			0.287					
pr.ACAD	CLCdnDe13_5738	ACAD		CLCdnDe13_5738	ACAD	proteomics	['11.9.4.2 lipid metabolism.lipid degradation.beta-oxidation.acyl CoA DH', '11.9.4 lipid metabolism.lipid degradation.beta-oxidation', '11.9 lipid metabolism.lipid degradation', '11 lipid metabolism']	Acyl-CoA dehydrogenase		-0.134			0.665		0.808			1.23			0.425																	-0.134			0.665		0.808			1.23			0.425	
pr.ALDH10A8	CLCdnDe10_24187	ALDH	ABA	CLCdnDe10_24187	ALDH10A8	proteomics	['16.4.2 secondary metabolism.N misc.betaine', '16.4.2.1 secondary metabolism.N misc.betaine.betaine-aldehyde dehydrogenase', '16.4 secondary metabolism.N misc', '16 secondary metabolism']	Betaine aldehyde dehydrogenase		0.178			0.77		0.162			1.66		-0.543	-0.483																	0.178			0.77		0.162			1.66		-0.543	-0.483	
pr.ATS1	CLCdnDe6_4953	ATS1		CLCdnDe6_4953	ATS1	proteomics	['11.3.1 lipid metabolism.phospholipid synthesis.1-acylglycerol-3-phosphate O-acyltransferase', '11.3 lipid metabolism.phospholipid synthesis', '11 lipid metabolism']	Glycerol-3-phosphate acyltransferase	0.271	-0.706		0.229	-0.35	-0.137	-1.05		-0.0838	-1.2		0.393	-0.511																0.271	-0.706		0.229	-0.35	-0.137	-1.05		-0.0838	-1.2		0.393	-0.511	
pr.BSL1	PBdnRY1_11085	BSL1		PBdnRY1_11085	BSL1	proteomics	['17.3.2.1 hormone metabolism.brassinosteroid.signal transduction.BRI', '17.3.2 hormone metabolism.brassinosteroid.signal transduction', '17.3 hormone metabolism.brassinosteroid', '17 hormone metabolism']	Serine/threonine-protein phosphatase	-0.0537					1.54			0.0251			-0.569																	-0.0537					1.54			0.0251			-0.569		
pr.CCT2	Sotub11g025210.1.1	CCT2	HSP	Sotub11g025210.1.1	CCT2	proteomics	['29.6 protein.folding', '29 protein']	T-complex protein 1 subunit beta	-0.0831	0.0737		0.0278	0.483	0.438	0.809		0.401	0.885		-0.225	0.419																-0.0831	0.0737		0.0278	0.483	0.438	0.809		0.401	0.885		-0.225	0.419	
pr.CHA	CLCdnPW22_15452	CHA	JA	CLCdnPW22_15452	CHA	proteomics	['20.1.7.3 stress.biotic.PR-proteins.PR3/4/8/11 (chitinases and chitin binding proteins)', '20.1.7 stress.biotic.PR-proteins', '20.1 stress.biotic', '20 stress']	Chitinase A	-0.455	-1.06		-0.424	0.133	0.177	-1.13		0.216	-1.4		-0.0512	1.26																-0.455	-1.06		-0.424	0.133	0.177	-1.13		0.216	-1.4		-0.0512	1.26	
pr.CLCdnDe7_34340	CLCdnDe7_34340	HSP25.3	HSP	CLCdnDe7_34340	HSP25.3	proteomics	['20.2.1 stress.abiotic.heat', '20.2 stress.abiotic', '20 stress']	Heat shock protein																																										
pr.CLPB4	VdnPW3_37011	CLPB4	HSP	VdnPW3_37011	CLPB4	proteomics	['20.2.1 stress.abiotic.heat', '20.2 stress.abiotic', '20 stress']	Chaperone protein clpB 2	-0.439	0.25		-0.118	0.635	0.313	1.02		0.193	1.34		0.449	0.249																-0.439	0.25		-0.118	0.635	0.313	1.02		0.193	1.34		0.449	0.249	
pr.CSD2	VdnDe2_53978	CSD2	ROS	VdnDe2_53978	CSD2	proteomics	['21.6 redox.dismutases and catalases', '21 redox']	Superoxide dismutase	0.22	-1.46		0.118	-0.209	0.625	-0.68		0.03	-0.974		0.216	-0.377																0.22	-1.46		0.118	-0.209	0.625	-0.68		0.03	-0.974		0.216	-0.377	
pr.DHQS	SdnRY1_10712	DHQS	Amino	SdnRY1_10712	DHQS	proteomics	['13.1.6.1.2 amino acid metabolism.synthesis.aromatic aa.chorismate.3-dehydroquinate synthase', '13.1.6.1 amino acid metabolism.synthesis.aromatic aa.chorismate', '13.1.6 amino acid metabolism.synthesis.aromatic aa', '13.1 amino acid metabolism.synthesis', '13 amino acid metabolism']	Dehydroquinate synthase	-0.0851	-1.18		0.307	-0.226	-0.236	-0.28		-0.178	-0.96		-0.0745	-0.484																-0.0851	-1.18		0.307	-0.226	-0.236	-0.28		-0.178	-0.96		-0.0745	-0.484	
pr.DNAJ2	CLCdnPW50_2470	DNAJ2	HSP	CLCdnPW50_2470	DNAJ2	proteomics	['20.2 stress.abiotic', '20.2.1 stress.abiotic.heat', '20 stress']	Chaperone protein dnaJ 2	-1.09					-1.08			-1.33																				-1.09					-1.08			-1.33					
pr.DPE2	PBdnRY1_2239	DPE2	Starch	PBdnRY1_2239	DPE2	proteomics	['2.2.2.4 major CHO metabolism.degradation.starch.D enzyme', '2 major CHO metabolism', '2.2.2 major CHO metabolism.degradation.starch', '2.2 major CHO metabolism.degradation']	4-alpha-glucanotransferase	-0.378	-0.108		0.133	0.408	0.893	0.808		-0.0614	1.25		0.36	1.35																-0.378	-0.108		0.133	0.408	0.893	0.808		-0.0614	1.25		0.36	1.35	
pr.DSP4	VdnDe1_162036	DSP4	Starch	VdnDe1_162036	DSP4	proteomics	['2.2.2.10 major CHO metabolism.degradation.starch.laforin like phosphoglucan phosphatase (SEX4)', '2.2.2 major CHO metabolism.degradation.starch', '2.2 major CHO metabolism.degradation', '2 major CHO metabolism']	Dual-specificity protein-like phosphatase 3	-0.416	-0.222		-0.382	-0.842	-0.243	-0.886		-0.415	-1.26		0.138	0.0469																-0.416	-0.222		-0.382	-0.842	-0.243	-0.886		-0.415	-1.26		0.138	0.0469	
pr.EMB2004	CLCdnPW48_15164	EMB2004		CLCdnPW48_15164	EMB2004	proteomics	['17.6.3 hormone metabolism.gibberelin.induced-regulated-responsive-activated', '17.6 hormone metabolism.gibberelin', '17 hormone metabolism']	NACHT, LRR and PYD domains-containing protein 5	0.106	1.01		-0.197	0.37	0.462	0.806		0.185	0.762		-0.207	-0.0103																0.106	1.01		-0.197	0.37	0.462	0.806		0.185	0.762		-0.207	-0.0103	
pr.F14P22.200	VdnPW4_18801	KARI	Amino	VdnPW4_18801	F14P22.200	proteomics	['13.1.4.1.2 amino acid metabolism.synthesis.branched chain group.common.ketol-acid reductoisomerase', '13.1.4.1 amino acid metabolism.synthesis.branched chain group.common', '13.1.4 amino acid metabolism.synthesis.branched chain group', '13.1 amino acid metabolism.synthesis', '13 amino acid metabolism']	Ketol-acid reductoisomerase	0.484	0.344		0.278	0.0626	0.893	1.06		0.434	1.15		0.0774	-0.341																0.484	0.344		0.278	0.0626	0.893	1.06		0.434	1.15		0.0774	-0.341	
pr.F3H	TDe_comp110944_c2_seq4	F3H	Flavonol	TDe_comp110944_c2_seq4	F3H	proteomics	['16.8.3.2 secondary metabolism.flavonoids.dihydroflavonols.flavanone 3-hydroxylase', '16.8.3 secondary metabolism.flavonoids.dihydroflavonols', '16.8 secondary metabolism.flavonoids', '16 secondary metabolism']	Flavanone 3-hydroxylase	0.147	-0.929		-0.222	-0.342	-1.32	-0.546		-0.132	-1.46		-0.036	-0.561																0.147	-0.929		-0.222	-0.342	-1.32	-0.546		-0.132	-1.46		-0.036	-0.561	
pr.GLU1	CLCdnPW12_1472	GLU1	N	CLCdnPW12_1472	GLU1	proteomics	['12.2.1.1 N-metabolism.ammonia metabolism.glutamate synthase.ferredoxin dependent', '12.2.1 N-metabolism.ammonia metabolism.glutamate synthase', '12.2 N-metabolism.ammonia metabolism', '12 N-metabolism']	Glutamate synthase (Ferredoxin)	0.0192	0.277		-0.176	0.427	0.718	0.349		0.329	0.55		-0.00684	0.301																0.0192	0.277		-0.176	0.427	0.718	0.349		0.329	0.55		-0.00684	0.301	
pr.HQT	CLCdnDe13_63179	HQT	ABA	CLCdnDe13_63179	HQT	proteomics	['16.2 secondary metabolism.phenylpropanoids', '16 secondary metabolism']	Hydroxycinnamoyl CoA quinate transferase 2	-0.791	1.04		0.803	0.0165	1.17	2.05		0.751	1.55		0.595	0.274																-0.791	1.04		0.803	0.0165	1.17	2.05		0.751	1.55		0.595	0.274	
pr.HSP	PBdnRY1_5389	HSP	HSP	PBdnRY1_5389	HSP	proteomics	['29.6 protein.folding', '20.2.1 stress.abiotic.heat', '20.2 stress.abiotic', '20 stress', '29 protein']	heat shock protein	-0.0553	-0.0234		-0.128	0.25	0.837	0.585		0.342	0.791		-0.168	0.21																-0.0553	-0.0234		-0.128	0.25	0.837	0.585		0.342	0.791		-0.168	0.21	
pr.HSP101	SdnPW1_46	HSP101	HSP	SdnPW1_46	HSP101	proteomics	['20.2.1 stress.abiotic.heat', '20.2 stress.abiotic', '20 stress']	ClpB chaperone	-1.1	1.24		1.31	1.56	2.02	2.16		2.34	3.01		1.04	1.05																-1.1	1.24		1.31	1.56	2.02	2.16		2.34	3.01		1.04	1.05	
pr.HSP70-7	VdnDe2_29290	HSP70-7	HSP	VdnDe2_29290	HSP70-7	proteomics	['29.6 protein.folding', '20.2.1 stress.abiotic.heat', '20.2 stress.abiotic', '20 stress', '29 protein']	Chaperone DnaK	-0.308	1.07		0.428	1.12	0.249	1.91		0.394	2.49		0.662	0.168																-0.308	1.07		0.428	1.12	0.249	1.91		0.394	2.49		0.662	0.168	
pr.HSP90-1	CLCdnDe11_2286	HSP90-1	HSP	CLCdnDe11_2286	HSP90-1	proteomics	['20.2.1 stress.abiotic.heat', '20.2 stress.abiotic', '20 stress']	Heat shock protein 90 (Fragment)	0.00486	0.326			0.662	1.1	1.57		0.439	1.87			-0.649																0.00486	0.326			0.662	1.1	1.57		0.439	1.87			-0.649	
pr.ISPH	CLCdnDe2_311	ISPH	ABA	CLCdnDe2_311	ISPH	proteomics	['16.1.1.7 secondary metabolism.isoprenoids.non-mevalonate pathway.HDR', '16.1.1 secondary metabolism.isoprenoids.non-mevalonate pathway', '16.1 secondary metabolism.isoprenoids', '16 secondary metabolism']	4-hydroxy-3-methylbut-2-enyl diphosphate reductase	0.248	1.42		-0.212	0.281	-0.0968	1.18		0.236	1.18		0.418	0.0236																0.248	1.42		-0.212	0.281	-0.0968	1.18		0.236	1.18		0.418	0.0236	
pr.LHCA3	VdnPW5_1541	LHCA3	PS	VdnPW5_1541	LHCA3	proteomics	['1.1.2.1 PS.lightreaction.photosystem I.LHC-I', '1.1.2 PS.lightreaction.photosystem I', '1.1 PS.lightreaction', '1 PS']	Chlorophyll a-b binding protein 8, chloroplastic	-0.907	1.16		-0.0921	0.19	-0.706	-0.108		-0.755	-0.0713		-0.488	0.179																-0.907	1.16		-0.0921	0.19	-0.706	-0.108		-0.755	-0.0713		-0.488	0.179	
pr.LOX2	CLCdnPW31_956	LOX2	JA	CLCdnPW31_956	LOX2	proteomics	['17.7.1.2 hormone metabolism.jasmonate.synthesis-degradation.lipoxygenase', '17.7.1 hormone metabolism.jasmonate.synthesis-degradation', '17.7 hormone metabolism.jasmonate', '17 hormone metabolism']	Lipoxygenase	0.0409	-0.77		-0.187	-0.212	-0.936	-0.943		-0.871	-1.25		-0.253	0.832																0.0409	-0.77		-0.187	-0.212	-0.936	-0.943		-0.871	-1.25		-0.253	0.832	
pr.MED37E	VdnDe4_115100	MED37E	HSP	VdnDe4_115100	MED37E	proteomics	['29.6 protein.folding', '20.2.1 stress.abiotic.heat', '20.2 stress.abiotic', '20 stress', '29 protein']	Heat shock cognate 70 kDa protein 1	0.144	-0.338		-0.0298	0.125	0.727	0.239		0.301	0.366		-0.189	0.0512																0.144	-0.338		-0.0298	0.125	0.727	0.239		0.301	0.366		-0.189	0.0512	
pr.MSD1	CLCdnDe7_6144	MSD1	ROS	CLCdnDe7_6144	MSD1	proteomics	['21.6 redox.dismutases and catalases', '21 redox']	Superoxide dismutase	0.248	-0.722		0.222	-0.446	-0.654	-1.63		-0.284	-0.632		0.265	0.547																0.248	-0.722		0.222	-0.446	-0.654	-1.63		-0.284	-0.632		0.265	0.547	
pr.PNSL2	PBdnRY1_7025	PsbQ-like	PS	PBdnRY1_7025	PNSL2	proteomics	['1.1.1.2 PS.lightreaction.photosystem II.PSII polypeptide subunits', '1.1.1 PS.lightreaction.photosystem II', '1.1 PS.lightreaction', '1 PS']	Oxygen evolving enhancer protein 3	0.152	-0.212		0.0425	-0.209	0.0319	-1.2		-0.236	-1.72		-0.183	0.535																0.152	-0.212		0.0425	-0.209	0.0319	-1.2		-0.236	-1.72		-0.183	0.535	
pr.POP2	CLCdnPW49_8560	POP2	Amino	CLCdnPW49_8560	POP2	proteomics	['13.1.1.1.2 amino acid metabolism.synthesis.central amino acid metabolism.GABA.GABA transaminase', '13.1.1.1 amino acid metabolism.synthesis.central amino acid metabolism.GABA', '13.1.1 amino acid metabolism.synthesis.central amino acid metabolism', '13.1 amino acid metabolism.synthesis', '13 amino acid metabolism']	Aminotransferase	0.219	-0.472		-0.289	0.269	0.745	0.361		0.931	-0.359		-0.286	2.45																0.219	-0.472		-0.289	0.269	0.745	0.361		0.931	-0.359		-0.286	2.45	
pr.PP2C	CLCdnRY10_6741	PP2C	ABA	CLCdnRY10_6741	PP2C	proteomics	['29.4 protein.postranslational modification', '29 protein']	Serine/threonine phosphatase family protein	-0.535	-1.56		1.06	0.038	-0.288	-1.53		0.0731	-1.35		0.095	0.296																-0.535	-1.56		1.06	0.038	-0.288	-1.53		0.0731	-1.35		0.095	0.296	
pr.PPD1	VdnDe2_86784	PsbP	PS	VdnDe2_86784	PPD1	proteomics	['1.1.1.2 PS.lightreaction.photosystem II.PSII polypeptide subunits', '1.1 PS.lightreaction', '1.1.1 PS.lightreaction.photosystem II', '1 PS']	Photosystem II oxygen evolving complex protein PsbP	0.19	-0.413		0.313	0.201	-0.364	-1.66		-0.971	-1.05		0.499	0.297																0.19	-0.413		0.313	0.201	-0.364	-1.66		-0.971	-1.05		0.499	0.297	
pr.RPE	CLCdnDe2_96512	RPE	PS	CLCdnDe2_96512	RPE	proteomics	['1.3.11 PS.calvin cycle.RPE', '1.3 PS.calvin cycle', '1 PS']	Ribulose-5-phosphate-3-epimerase	1.35					1.45			0.943																				1.35					1.45			0.943					
pr.VDAC1	VdnDe1_39992	VDAC1		VdnDe1_39992	VDAC1	proteomics	['34.20 transport.porins', '34 transport']	34 kDa outer mitochondrial membrane protein porin	0.13	-1.0		0.0379	-0.158	-0.139	-1.22		-0.0467	-0.165		0.126	-0.311																0.13	-1.0		0.0379	-0.158	-0.139	-1.22		-0.0467	-0.165		0.126	-0.311	
pr.ndhI	CLCdnPW10_11437	NDH1	PS	CLCdnPW10_11437	ndhI	proteomics	['1.1.40 PS.lightreaction.cyclic electron flow-chlororespiration', '1 PS', '1.1 PS.lightreaction']	NAD(P)H-quinone oxidoreductase subunit I chloroplastic	1.62	-0.699		0.974	-0.105	1.65	-1.07		1.67	-0.397		-0.153	-0.824																1.62	-0.699		0.974	-0.105	1.65	-1.07		1.67	-0.397		-0.153	-0.824	
qP.ACO2	ACO2	ACO2	ET		ACO2	transcriptomics		1-aminocyclopropane-1-carboxylate oxidase	-0.043252173359444	1.62672550029605		-0.741638733652797	-1.25448243207288	1.16667351263062	1.61419316560478		-1.09303248829206	-0.952110086861442		1.87580120925502	-0.024480767488																-0.043252173359444	1.62672550029605		-0.741638733652797	-1.25448243207288	1.16667351263062	1.61419316560478		-1.09303248829206	-0.952110086861442		1.87580120925502	-0.024480767488	
qP.CAT1	CAT1	CAT1	ROS		CAT1	transcriptomics		Catalase isozyme 1	0.852338209613721	2.430154691161		0.197905394817533	-0.576658472139024	1.16558474667013	2.97478688540051		-0.375839140408146	-0.304101826712378		0.188967208498743	-0.008410605425687																0.852338209613721	2.430154691161		0.197905394817533	-0.576658472139024	1.16558474667013	2.97478688540051		-0.375839140408146	-0.304101826712378		0.188967208498743	-0.008410605425687	
qP.CO	CO	CO	Tuberisation		CO	transcriptomics		CONSTANS (Fragment)	0.186333805891735	2.16505059807029		-0.569857843497477	-0.442228550910387	1.49829896303389	3.79161319435557		-0.144453787517705	0.882322718942319		-1.18300312563549	-0.906563104078782																0.186333805891735	2.16505059807029		-0.569857843497477	-0.442228550910387	1.49829896303389	3.79161319435557		-0.144453787517705	0.882322718942319		-1.18300312563549	-0.906563104078782	
qP.ERF1	ERF1	ERF1	ET		ERF1	transcriptomics		Ethylene responsive transcription factor	-0.203228021038584	1.47875342756201		0.038444307410421	-1.0554165865126	-0.378346820492583	2.07109706205471		-2.84223452691377	-0.84473986536502		0.390713235946916	-1.75524952828761																-0.203228021038584	1.47875342756201		0.038444307410421	-1.0554165865126	-0.378346820492583	2.07109706205471		-2.84223452691377	-0.84473986536502		0.390713235946916	-1.75524952828761	
qP.HSP70	HSP70	HSP70	HSP		HSP70	transcriptomics		heat shock protein	0.509631370528073	3.07896859398464		-0.18498927207569	0.027387817009692	1.93392984503968	3.62854342557609		-0.184014701978451	0.71685072177284		0.091043138370135	0.721175143076789																0.509631370528073	3.07896859398464		-0.18498927207569	0.027387817009692	1.93392984503968	3.62854342557609		-0.184014701978451	0.71685072177284		0.091043138370135	0.721175143076789	
qP.M0ZJG3	M0ZJG3	MES	Ca		MES	transcriptomics		Methyl Esterase	0.640580150740953	2.15271481245293		-1.13706995953968	-0.776550188640008	1.54944290544857	3.78477869525806		-0.036382215502702	0.963285361517743		-0.753148145061618	-0.33476190762058																0.640580150740953	2.15271481245293		-1.13706995953968	-0.776550188640008	1.54944290544857	3.78477869525806		-0.036382215502702	0.963285361517743		-0.753148145061618	-0.33476190762058	
qP.P5CS	P5CS	P5CS	Pro		P5CS	transcriptomics		Pyrroline-5-carboxylate synthase	0.766316652450187	2.70238165051311		-0.728470743477664	-0.347768183041484	1.49709108754025	3.47957258371643		0.483708598750564	1.2199680720787		-0.937952756434057	2.33522328857168																0.766316652450187	2.70238165051311		-0.728470743477664	-0.347768183041484	1.49709108754025	3.47957258371643		0.483708598750564	1.2199680720787		-0.937952756434057	2.33522328857168	
qP.PR1b	PR1b	PR1b	SA		PR1b	transcriptomics		Pathogenesis-related protein 1b	0.03194993409766	2.18225410987014		-0.520121135555704	-1.23753826225917	0.198283876718658	1.53031210581312		-0.648433106806276	-1.45776102182635		0.550746125714287	1.49656684252516																0.03194993409766	2.18225410987014		-0.520121135555704	-1.23753826225917	0.198283876718658	1.53031210581312		-0.648433106806276	-1.45776102182635		0.550746125714287	1.49656684252516	
qP.RD29B	RD29B	RD29	ABA		RD29B	transcriptomics	['20.2.2_stress.abiotic.cold']	CAP160 protein	0.93359702122409	2.82007167999106		-0.839896507807976	-2.29858079424906	-1.68008190716089	1.47785617200904		-0.646530727432975	-0.748019859850664		4.8891500130556	7.68224512114979																0.93359702122409	2.82007167999106		-0.839896507807976	-2.29858079424906	-1.68008190716089	1.47785617200904		-0.646530727432975	-0.748019859850664		4.8891500130556	7.68224512114979	
qP.RbohA	RbohA	RbohA	ROS		RbohA	transcriptomics		Respiratory burst oxidase	0.392440199443912	-0.268095164649102		-1.02174408392462	-1.11343833046212	1.03438834883986	0.09992116916908		-1.29538732905538	-0.184188202825378		0.882510161479796	1.11087012755329																0.392440199443912	-0.268095164649102		-1.02174408392462	-1.11343833046212	1.03438834883986	0.09992116916908		-1.29538732905538	-0.184188202825378		0.882510161479796	1.11087012755329	
qP.SP6A	SP6A	SP6A	Tuberisation		SP6A	transcriptomics		Flowering locus T protein	-0.334987748344023	0.952158221692501		-0.521058622695243	-3.81455165324204	-3.07769148728338	0.844393654978271		-3.6934260872251	-3.00955696592133		2.21386739360092	-3.82922465300375																-0.334987748344023	0.952158221692501		-0.521058622695243	-3.81455165324204	-3.07769148728338	0.844393654978271		-3.6934260872251	-3.00955696592133		2.21386739360092	-3.82922465300375	
qP.SWEET	SWEET	SWEET	Tuberisation		SWEET	transcriptomics		Bidirectional sugar transporter	0.46359710553686	2.26136931011369		0.160465149084065	-0.836538623814666	1.46151135319296	3.00189969941985		0.138577252085762	0.074847448509746		0.118380794814981	-0.104366298661288																0.46359710553686	2.26136931011369		0.160465149084065	-0.836538623814666	1.46151135319296	3.00189969941985		0.138577252085762	0.074847448509746		0.118380794814981	-0.104366298661288	
qP.SnRK2	SnRK2	SnRK2	ABA		SnRK2	transcriptomics	['28.99_DNA.unspecified']	Protein kinase superfamily protein	0.832938924989487	3.02164547412647		0.200862760978191	0.100378882045039	2.29022338251634	3.89127382417566		0.104377132918179	0.971231242244738		0.137467087611985	0.336816479729597																0.832938924989487	3.02164547412647		0.200862760978191	0.100378882045039	2.29022338251634	3.89127382417566		0.104377132918179	0.971231242244738		0.137467087611985	0.336816479729597	
qP.X13.LOX	13-LOX	13-LOX	JA		13-LOX	transcriptomics		13-lipoxygenase	0.538457139031932	2.14333749087242		0.02299903140141	-0.339274621959478	0.484631065544359	3.73899753741891		-0.412144852995617	0.807770145300916		0.668486864234595	0.97279053872954																0.538457139031932	2.14333749087242		0.02299903140141	-0.339274621959478	0.484631065544359	3.73899753741891		-0.412144852995617	0.807770145300916		0.668486864234595	0.97279053872954	
