name	biochem_net_name	color_code	display_name	pathway	protein_name	short_name	cor_name	group	mapman_bin	description	D08.source	D14.source	H01.source	H07.source	H08.source	H14.source	HD08.source	HD14.source	W01.source	W07.source	D08.PermP	D14.PermP	H01.PermP	H07.PermP	H08.PermP	H14.PermP	HD08.PermP	HD14.PermP	W01.PermP	W07.PermP	D08.WelchP	D14.WelchP	H01.WelchP	H07.WelchP	H08.WelchP	H14.WelchP	HD08.WelchP	HD14.WelchP	W01.WelchP	W07.WelchP	D08.DEP-DE-P	D14.DEP-DE-P	H01.DEP-DE-P	H07.DEP-DE-P	H08.DEP-DE-P	H14.DEP-DE-P	HD08.DEP-DE-P	HD14.DEP-DE-P	W01.DEP-DE-P	W07.DEP-DE-P	Variable	type	shortName	MapManBins	D08.logFC	D14.logFC	D28.logFC	H01.logFC	H07.logFC	H08.logFC	H14.logFC	H28.logFC	HD08.logFC	HD14.logFC	HD28.logFC	W01.logFC	W07.logFC	W28.logFC	D08.pVal	D14.pVal	D28.pVal	H01.pVal	H07.pVal	H08.pVal	H14.pVal	H28.pVal	HD08.pVal	HD14.pVal	HD28.pVal	W01.pVal	W07.pVal	W28.pVal	D08.percent_relative_change	D14.percent_relative_change	D28.percent_relative_change	H01.percent_relative_change	H07.percent_relative_change	H08.percent_relative_change	H14.percent_relative_change	H28.percent_relative_change	HD08.percent_relative_change	HD14.percent_relative_change	HD28.percent_relative_change	W01.percent_relative_change	W07.percent_relative_change	W28.percent_relative_change	D08.color	D14.color	D28.color	H01.color	H07.color	H08.color	H14.color	H28.color	HD08.color	HD14.color	HD28.color	W01.color	W07.color	W28.color
bio.Ca2+	Ca2+	#f6896d	Ca²⁺	Ca			Ca2+	small_molecule		Calcium																																																																																																				
bio.betaine	betaine	#8bbafc	Betaine	ABA			betaine	small_molecule		Betaine																																																																																																				
ho.ABA	ABA	#8bbafc	ABA	ABA			ABA	hormonomics		Abscisic acid	ns	WP	WP	ns	WP	WP	ns	ns	WP	WP	0.584	0.032	0.032	0.128	0.0	0.048	0.124	0.792	0.032	0.032	0.61007334487407	0.0001463050995642	0.0082979711505338	0.119159714009531	0.0183791884383013	0.0325902719325251	0.177940383062869	0.8593941378217	0.0094406928351244	0.0165990628042271											ABA	hormonomics	ABA		-0.187646393740066	0.945339872400306		0.336842984475613	-0.736414730403146	-1.54081230084635	-0.48012632074314		-0.5282447397087	-0.0418746865410213		0.795282147093236	2.47784710376697		0.75	0.000438		0.025	0.119	0.0184	0.0326		0.534	0.859		0.025	0.042																-0.187646393740066	0.945339872400306		0.336842984475613	-0.736414730403146	-1.54081230084635	-0.48012632074314		-0.5282447397087	-0.0418746865410213		0.795282147093236	2.47784710376697	
ho.DPA	DPA	#8bbafc	DPA	ABA			DPA	hormonomics		Dehydrophaseic acid	WP	WP	WP	ns	ns	WP	WP	WP	WP	WP	0.024	0.032	0.032	0.192	0.132	0.032	0.032	0.032	0.032	0.032	0.017544200276994	0.0021815681329667	0.0036136410507316	0.20088730484575	0.0883832611780151	0.0126754124690959	0.0182290005325198	0.0110437036336973	0.004121891336864	0.011379873930936											DPA	hormonomics	DPA		-1.02195882214298	1.765729192724		0.889837680897021	0.367776448720942	-0.61936319550207	1.26795361128492		1.37721514540389	2.25684228037823		0.501794355982777	2.59247437083183		0.035	0.007		0.011	0.201	0.0884	0.0127		0.035	0.022		0.011	0.034																-1.02195882214298	1.765729192724		0.889837680897021	0.367776448720942	-0.61936319550207	1.26795361128492		1.37721514540389	2.25684228037823		0.501794355982777	2.59247437083183	
ho.GABA	GABA	#000000	GABA	Amino			GABA	hormonomics		Gamma-aminobutyric acid																																																																																																				
ho.IAA	IAA	#969696	IAA	IAA			IAA	hormonomics		Indole-3-acetic acid (Auxin)	ns	ns	ns	ns	ns	ns	ns	W	ns	ns	0.3	0.528	0.604	0.404	0.108	0.144	0.448	0.092	0.072	0.756	0.339053159881596	0.545644357114185	0.748899337785046	0.441593000420838	0.116121266407511	0.147947217189963	0.452910926541853	0.0323297395643547	0.0603313632277283	0.705251155251771											IAA	hormonomics	IAA		-0.163057946352959	0.0869895075202267		0.0456473739008505	0.244665309539856	0.300242597574229	0.416827910301236		0.151046075691116	0.444212048743277		-0.301706388376147	-0.0745835037511888		0.678	0.546		0.749	0.884	0.116	0.148		0.678	0.097		0.181	0.884																-0.163057946352959	0.0869895075202267		0.0456473739008505	0.244665309539856	0.300242597574229	0.416827910301236		0.151046075691116	0.444212048743277		-0.301706388376147	-0.0745835037511888	
ho.IAA.Asp	IAA-Asp	#969696	IAA-Asp	IAA			IAA-Asp	hormonomics		Indole-3-acetyl-aspartate	ns	ns	ns	ns	W	ns	ns	ns	ns	ns	0.276	0.164	0.864	0.74	0.06	0.428	0.2	0.872	0.248	0.596	0.311359609496564	0.167772200809586	0.86220355231913	0.808751953457853	0.0475721756406076	0.477264003784462	0.216094807108226	0.806397309170969	0.268823733684525	0.760316750214484											IAA-Asp	hormonomics	IAA-Asp		-0.348169217321149	-0.485304736378741		0.0313043352488126	-0.0475738955936926	0.94268151198908	-0.18216537210576		0.520200598804415	-0.0289878559462597		0.220083244327021	-0.0759737189365138		0.432	0.402		0.862	1.0	0.0476	0.477		0.432	0.806		0.807	1.0																-0.348169217321149	-0.485304736378741		0.0313043352488126	-0.0475738955936926	0.94268151198908	-0.18216537210576		0.520200598804415	-0.0289878559462597		0.220083244327021	-0.0759737189365138	
ho.JA	JA	#f3d686	JA	JA			JA	hormonomics		Jasmonic acid	ns	WP	W	ns	WP	ns	P	ns	ns	P	0.568	0.0	0.072	0.08	0.0	0.256	0.044	0.528	0.484	0.028	0.46129000860775	0.0189566352181651	0.0491622006961322	0.0838245605201269	0.0064266098768297	0.290259184190156	0.0711582134059923	0.482312457969126	0.469813197536348	0.114989329778088											JA	hormonomics	JA		0.210590264283014	-1.42067583225265		0.736159728733515	0.571937717226928	-1.59286338455374	0.380959605818014		-0.579278371494536	0.229281538178599		0.249431728675808	-0.516019605760887		0.461	0.048		0.148	0.168	0.00643	0.29		0.214	0.482		0.47	0.168																0.210590264283014	-1.42067583225265		0.736159728733515	0.571937717226928	-1.59286338455374	0.380959605818014		-0.579278371494536	0.229281538178599		0.249431728675808	-0.516019605760887	
ho.JA.Ile	JA-Ile	#f3d686	JA-Ile	JA			JA-Ile	hormonomics		Jasmonoyl-isoleucine	WP	ns	ns	WP	WP	ns	WP	WP	ns	P	0.0	0.336	0.8	0.032	0.032	0.332	0.032	0.032	0.504	0.032	0.000198882785377	0.373260875538822	0.792830688764596	0.026277723329096	0.0091467977156575	0.290522812895282	0.011450393666769	0.018515143265585	0.533609460181164	0.0543590045301585											JA-Ile	hormonomics	JA-Ile		2.17259041936832	-0.316509195266378		0.142980237354723	1.08990654950989	3.28313441945856	0.385721148079089		2.40617819052434	2.15950266249815		-0.162437521796738	0.587437277187007		0.000597	0.373		1.0	0.079	0.00915	0.291		0.023	0.049		1.0	0.109																2.17259041936832	-0.316509195266378		0.142980237354723	1.08990654950989	3.28313441945856	0.385721148079089		2.40617819052434	2.15950266249815		-0.162437521796738	0.587437277187007	
ho.PA	PA	#8bbafc	PA	ABA			PA	hormonomics		Phaseic acid	WP	WP	ns	ns	WP	ns	WP	ns	WP	WP	0.0	0.032	0.3	0.064	0.032	0.252	0.032	0.072	0.032	0.032	0.0065733875624179	0.0007933263195259	0.234399490143153	0.0660740987688118	0.0048903360767882	0.210431662516596	0.0253580825658121	0.0608955448605912	0.0029130238364573	0.0139709985763962											PA	hormonomics	PA		-1.19904561311871	0.974430244288884		0.175787647268799	-0.769675331199757	-1.28600552309754	0.313711849104365		0.763927826332568	0.471154420898614		1.05765087607325	3.05594107771618		0.015	0.002		0.234	0.066	0.00489	0.21		0.025	0.061		0.006	0.037																-1.19904561311871	0.974430244288884		0.175787647268799	-0.769675331199757	-1.28600552309754	0.313711849104365		0.763927826332568	0.471154420898614		1.05765087607325	3.05594107771618	
ho.SA	SA	#9264b6	SA	SA			SA	hormonomics		Salicylic acid	ns	ns	ns	ns	ns	W	ns	WP	ns	W	0.136	0.076	0.4	0.448	0.52	0.06	0.212	0.032	0.812	0.056	0.119792046306694	0.142497570129622	0.321157274569979	0.492588938743586	0.633874957840294	0.0409447692489993	0.284783661486369	0.0088450288236489	0.8558216512486	0.045364179963455											SA	hormonomics	SA		-0.525779239687546	-0.414463847439594		0.384275980858718	-0.263598655083447	0.138467641794984	1.14137029049339		-0.380624050863032	0.912094941499449		0.0992816600591464	1.02938522818681		0.36	0.142		0.963	0.493	0.634	0.0409		0.57	0.018		0.963	0.091																-0.525779239687546	-0.414463847439594		0.384275980858718	-0.263598655083447	0.138467641794984	1.14137029049339		-0.380624050863032	0.912094941499449		0.0992816600591464	1.02938522818681	
ho.X12.OH.JA	12-OH-JA	#f3d686	12-OH-JA	JA			12-OH-JA	hormonomics		12-Hydroxyjasmonic acid	ns	WP	WP	ns	WP	ns	WP	WP	ns	ns	0.428	0.032	0.032	0.788	0.0	0.268	0.0	0.016	0.088	0.616	0.493772546335483	0.006367771667791	0.0236391235912693	0.808079320552353	0.0076718925207918	0.348070538001282	0.0004207226313477	0.041237117589396	0.0936320514168479	0.62038872046354											12-OH-JA	hormonomics	12-OH-JA		-0.270226882157978	-0.750778971775311		1.40785022291447	-0.0579798076378593	-1.04893762285562	0.250858006552194		-1.37554342087505	-0.436833380836507		0.732617672958098	0.170517014545752		0.494	0.019		0.071	1.0	0.00767	0.348		0.001	0.082		0.187	1.0																-0.270226882157978	-0.750778971775311		1.40785022291447	-0.0579798076378593	-1.04893762285562	0.250858006552194		-1.37554342087505	-0.436833380836507		0.732617672958098	0.170517014545752	
ho.X9.10.dhJA	9,10-dhJA	#f3d686	9,10-dhJA	JA			9,10-dhJA	hormonomics		9,10-Dihydrojasmonic acid	ns	ns	WP	ns	ns	ns	ns	WP	W	ns	0.2	0.476	0.032	0.432	0.06	0.868	0.3	0.0	0.084	0.16	0.267201546473248	0.480693771357067	0.0379646031898122	0.472290933907144	0.0882562690704198	0.980952118908772	0.332617251038328	0.0085840211066957	0.0371133821098742	0.142266247008178											9,10-dhJA	hormonomics	9,10-dhJA		-0.429405956395192	-0.190769400725299		0.745790108515499	-0.273136323457356	0.604954067268111	0.0102878910878808		-0.371449373120364	-2.03002714479285		1.14645349338807	0.562841888288665		0.801	0.481		0.111	0.472	0.0883	0.981		0.801	0.017		0.111	0.284																-0.429405956395192	-0.190769400725299		0.745790108515499	-0.273136323457356	0.604954067268111	0.0102878910878808		-0.371449373120364	-2.03002714479285		1.14645349338807	0.562841888288665	
ho.cisOPDA	cisOPDA	#f3d686	cisOPDA	JA			cisOPDA	hormonomics		cis-(+)-12-oxo-phytodienoic acid	ns	ns	ns	ns	WP	P	WP	ns	ns	WP	0.18	0.924	0.4	0.864	0.0	0.016	0.016	0.568	0.8	0.032	0.193214390486366	0.907866374844435	0.426833295527122	0.838348256566399	0.0031115368119187	0.0575475517119116	0.0094228148028483	0.590671130449213	0.818015982952195	0.0078326012178019											cisOPDA	hormonomics	cisOPDA		-0.386041992585771	0.044527911685007		-0.203154832866929	0.0810975251026314	-2.43519057427523	-0.790904276955253		-0.922183523333853	-0.206284260718027		-0.0091125960663482	1.56022631806951		0.274	1.0		0.854	0.838	0.00311	0.0575		0.028	1.0		0.854	0.023																-0.386041992585771	0.044527911685007		-0.203154832866929	0.0810975251026314	-2.43519057427523	-0.790904276955253		-0.922183523333853	-0.206284260718027		-0.0091125960663482	1.56022631806951	
ho.neoPA	neoPA	#000000	neoPA				neoPA	hormonomics		Neophaseic acid																																									neoPA	hormonomics	neoPA																																																									
ho.oxIAA	oxIAA	#969696	oxIAA	IAA			oxIAA	hormonomics		2-oxindole-3-acetic acid	ns	ns	ns	ns	ns	WP	ns	WP	P	ns	0.94	0.628	0.876	0.284	0.48	0.0	0.344	0.0	0.044	0.592	0.969853935359014	0.563280284835585	0.848074250233874	0.339593512452734	0.47366011277557	0.0025957864855503	0.388917918124028	0.0013081370752342	0.0518404819813292	0.63582862068824											oxIAA	hormonomics	oxIAA		0.01852826119163	0.0927861624624446		-0.0272389310955914	-0.271811432157029	0.213670861910204	-1.07853403597627		-0.181177359567774	-1.12727220667702		0.301813169604505	-0.175799489275918		1.0	0.563		0.848	1.0	0.474	0.0026		1.0	0.004		0.104	1.0																0.01852826119163	0.0927861624624446		-0.0272389310955914	-0.271811432157029	0.213670861910204	-1.07853403597627		-0.181177359567774	-1.12727220667702		0.301813169604505	-0.175799489275918	
me.Ala	Ala	#000000	Ala	Amino			Ala	metabolomics		Alanine	ns	WP	ns	ns	ns	WP	ns	WP	ns	ns	0.932	0.0	0.3	0.512	0.12	0.0	0.884	0.032	0.704	0.104	0.992137647144679	0.0175065950292267	0.287829101454434	0.634818096717073	0.139306080740843	0.0005286862404628	0.900867576322492	0.0040766901016438	0.700044301865057	0.121092144284166											Ala	metabolomics	Ala		-0.0266081073878848	0.418664783196515	-0.136843108569	0.370812755918671	-0.0700669261237223	-0.140335800979578	0.450222739401969	-0.730544697938852	-0.0567364901264735	0.70399084827331	-0.436938827021379	-0.123141313697454	-0.915096923146103	0.919012944773445	1.0	0.035	1.0	0.708	0.635	0.139	0.000529	0.856	1.0	0.012	1.0	0.708	0.242	0.856															-0.0266081073878848	0.418664783196515	-0.136843108569	0.370812755918671	-0.0700669261237223	-0.140335800979578	0.450222739401969	-0.730544697938852	-0.0567364901264735	0.70399084827331	-0.436938827021379	-0.123141313697454	-0.915096923146103	0.919012944773445
me.Arg	Arg	#000000	Arg	Amino			Arg	metabolomics		Arginine	ns	ns	ns	ns	ns	WP	ns	WP	WP	P	0.344	0.08	0.236	0.332	0.404	0.032	0.744	0.032	0.032	0.016	0.281397840527037	0.127199387282935	0.222602924512285	0.320511265920498	0.451917974486851	0.0487182063071339	0.745069149670908	0.0034943213520044	0.0235324320227143	0.0941691125818424											Arg	metabolomics	Arg		-0.24811835351277	0.430519418119893	-0.291071313633648	0.41932952576707	0.459228853185028	0.243545834305516	1.28884584485167	-0.710488616515091	0.0694777727817035	1.90669423949339	-0.261946712670337	0.927657138152053	1.64906381021236	1.58841718495105	0.843	0.127	0.535	0.384	0.321	0.452	0.0487	0.209	0.843	0.01	0.932	0.071	0.283	0.000973															-0.24811835351277	0.430519418119893	-0.291071313633648	0.41932952576707	0.459228853185028	0.243545834305516	1.28884584485167	-0.710488616515091	0.0694777727817035	1.90669423949339	-0.261946712670337	0.927657138152053	1.64906381021236	1.58841718495105
me.Asn	Asn	#000000	Asn	Amino			Asn	metabolomics		Asparagine	ns	ns	P	ns	ns	WP	ns	WP	ns	ns	0.96	0.16	0.0	0.22	0.252	0.032	0.292	0.032	0.608	0.128	0.892130452618831	0.162884364881613	0.0501389746909206	0.227728889703379	0.262899741253482	0.031778080684834	0.306635892795804	0.02574895693986	0.43201279010283	0.142958377162467											Asn	metabolomics	Asn		-0.110813818490508	0.770437432608307	-0.12414735833001	0.996389638814328	0.705018608448444	0.520425501696806	1.64624332662263	-0.508422226496879	0.487531638264491	1.52437717649292	-0.187391130935334	0.195182228965489	1.57560426145293	2.80215551097744	0.921	0.326	1.0	0.15	0.456	0.263	0.0318	1.0	0.921	0.077	1.0	0.432	0.429	0.016															-0.110813818490508	0.770437432608307	-0.12414735833001	0.996389638814328	0.705018608448444	0.520425501696806	1.64624332662263	-0.508422226496879	0.487531638264491	1.52437717649292	-0.187391130935334	0.195182228965489	1.57560426145293	2.80215551097744
me.Asp	Asp	#000000	Asp	Amino			Asp	metabolomics		Aspartic Acid	ns	ns	WP	ns	ns	ns	WP	ns	ns	ns	0.236	0.432	0.0	0.756	0.1	0.264	0.028	0.616	0.228	0.184	0.256256661043587	0.396307518317599	0.0035366101932152	0.798071605189359	0.116757122690582	0.254645029238357	0.0258862786871971	0.652027996374939	0.302474863912282	0.169819934751723											Asp	metabolomics	Asp		-0.593545406475698	-0.132287280193879	-0.106589014838548	-0.574633652113762	-0.0232765803432677	-0.258778161532421	0.226442520048563	-0.0377475454149927	-0.566165353241889	-0.0675943597956312	0.163882164632403	-0.307966319686621	-1.01681947015895	1.23030448584767	0.512	1.0	1.0	0.011	0.798	0.117	0.255	1.0	0.078	1.0	0.98	0.604	0.504	0.007															-0.593545406475698	-0.132287280193879	-0.106589014838548	-0.574633652113762	-0.0232765803432677	-0.258778161532421	0.226442520048563	-0.0377475454149927	-0.566165353241889	-0.0675943597956312	0.163882164632403	-0.307966319686621	-1.01681947015895	1.23030448584767
me.Fructose	Fructose	#a68c5b	Fructose	Starch			Fructose	metabolomics		Fructose	ns	WP	ns	P	ns	WP	ns	WP	WP	ns	0.232	0.032	0.424	0.0	0.288	0.0	0.324	0.032	0.032	0.308	0.361196127360261	0.0007244747609208	0.517379755719247	0.0728571581757678	0.219600541714325	0.0027459152832751	0.346883200670706	0.0036986170177219	0.0002167211827702	0.344469478463894											Fructose	metabolomics	Fructose		-0.396824584111716	1.2903697773043	0.18546665565334	-0.204319570144713	-0.670125536247167	-1.09021134978703	1.32671634960759	-0.362076211865525	-0.652431108716765	1.0828668260056	0.496829936605101	1.6115426807427	-0.644883488267871	0.708483229443928	1.0	0.002	1.0	0.517	0.219	0.22	0.00275	0.72	1.0	0.007	0.515	0.000435	0.688	0.72															-0.396824584111716	1.2903697773043	0.18546665565334	-0.204319570144713	-0.670125536247167	-1.09021134978703	1.32671634960759	-0.362076211865525	-0.652431108716765	1.0828668260056	0.496829936605101	1.6115426807427	-0.644883488267871	0.708483229443928
me.Gln	Gln	#556d9a	Gln	N			Gln	metabolomics		Glutamine	ns	ns	ns	ns	ns	ns	ns	ns	ns	ns	0.08	0.364	0.992	0.124	0.076	0.716	0.052	0.52	0.256	0.272	0.136365085022486	0.384472129626253	0.96416306243262	0.120945062246047	0.0927512688588249	0.696905695381249	0.116258736640322	0.549894143842922	0.31892324030669	0.209577304024589											Gln	metabolomics	Gln		0.357384081389586	0.185122607788688	-0.0560362276411901	-0.0387737165967561	-0.959351725316033	-0.709448810311219	-0.0692146658480972	-0.562494103430534	-0.733076865301483	0.0664271080413128	-0.0978651592498725	-0.334894377852544	0.82648744647466	2.61104227163834	0.232	1.0	1.0	0.964	0.273	0.0928	0.697	1.0	0.232	1.0	1.0	0.957	0.273	0.000716															0.357384081389586	0.185122607788688	-0.0560362276411901	-0.0387737165967561	-0.959351725316033	-0.709448810311219	-0.0692146658480972	-0.562494103430534	-0.733076865301483	0.0664271080413128	-0.0978651592498725	-0.334894377852544	0.82648744647466	2.61104227163834
me.Glu	Glu	#556d9a	Glu	N			Glu	metabolomics		Glutamic Acid	ns	ns	ns	ns	ns	ns	ns	ns	ns	ns	0.384	0.14	0.14	0.348	0.98	0.184	0.948	0.276	0.136	0.648	0.338740659149564	0.175181459537161	0.195054040245394	0.403391719205302	0.964120544795349	0.215742168781261	0.839498094869707	0.283551395807562	0.10277119696551	0.639064887587536											Glu	metabolomics	Glu		-0.339245903099886	-0.179424942450559	-0.224992404771376	0.308303615747198	0.256171976649929	-0.003408702604986	-0.114537394641864	-0.404060015247993	0.0160681113037455	-0.0863658638142262	-0.298511688300525	0.574969337546969	0.108893948282219	0.0910604061532752	1.0	0.525	1.0	0.39	1.0	0.964	0.216	0.3	1.0	0.568	0.346	0.309	1.0	1.0															-0.339245903099886	-0.179424942450559	-0.224992404771376	0.308303615747198	0.256171976649929	-0.003408702604986	-0.114537394641864	-0.404060015247993	0.0160681113037455	-0.0863658638142262	-0.298511688300525	0.574969337546969	0.108893948282219	0.0910604061532752
me.Glukose	Glucose	#a68c5b	Glucose	Starch			Glucose	metabolomics		Glucose	ns	WP	ns	ns	ns	WP	ns	WP	WP	ns	0.648	0.032	0.152	0.1	0.052	0.032	0.056	0.032	0.032	0.092	0.708413464108582	0.001445749722057	0.17954193253529	0.107746568268489	0.0801595023321112	0.0003600347551924	0.0523387022901506	0.0019882004283805	0.0002197818134773	0.0706251407281623											Glucose	metabolomics	Glucose		-0.312886857713309	1.20100139389112	-0.519926597174222	-0.519311392160032	-0.74833142085037	-1.63723194274171	1.11726192509744	0.886497897715864	-1.17372217220544	1.21533701884886	1.02618371670498	1.87021648019322	0.866293653397896	-0.36330939451462	0.708	0.004	0.516	0.18	0.141	0.0802	0.00036	0.009	0.157	0.004	0.005	0.00066	0.141	1.0															-0.312886857713309	1.20100139389112	-0.519926597174222	-0.519311392160032	-0.74833142085037	-1.63723194274171	1.11726192509744	0.886497897715864	-1.17372217220544	1.21533701884886	1.02618371670498	1.87021648019322	0.866293653397896	-0.36330939451462
me.Gly	Gly	#000000	Gly	Amino			Gly	metabolomics		Glycine	ns	ns	WP	ns	ns	ns	ns	ns	ns	WP	0.3	0.84	0.032	0.408	0.132	0.628	0.448	0.416	0.84	0.032	0.294308692862021	0.830893882491199	0.0178443236610224	0.304798732797187	0.168934022616328	0.646166413574474	0.395038429860648	0.343688924387854	0.620719969038119	0.0454948419584367											Gly	metabolomics	Gly		-0.396418258784386	0.0300638955249255	-0.299502480784475	-0.6238776161058	0.271657016587298	-0.37623540099173	-0.0625709445295879	-0.845795115991856	-0.302728282587207	0.155446900103682	-0.568298976404271	0.110863490505563	2.95608606695001	1.044611488586	0.882	1.0	0.789	0.053	0.305	0.169	0.646	0.227	0.882	1.0	0.397	0.621	0.136	0.199															-0.396418258784386	0.0300638955249255	-0.299502480784475	-0.6238776161058	0.271657016587298	-0.37623540099173	-0.0625709445295879	-0.845795115991856	-0.302728282587207	0.155446900103682	-0.568298976404271	0.110863490505563	2.95608606695001	1.044611488586
me.His	His	#000000	His	Amino			His	metabolomics		Histidine	ns	P	ns	P	WP	WP	P	WP	ns	P	0.788	0.032	0.172	0.032	0.032	0.032	0.032	0.0	0.728	0.032	0.67352804011714	0.0501417499728563	0.187920868796594	0.0576768057515831	0.0337168565970278	0.0001349081225909	0.116838955844826	0.009878701648525	0.681749781391142	0.0880655165911352											His	metabolomics	His		0.146838179301788	1.1934033635004	-0.428341816347493	0.383667818020227	1.56269816100148	1.0074841648499	2.0041534370621	-0.664027559626874	1.15227739626093	3.01764130742955	-0.322171245679813	0.0810407812217626	3.35827168207497	1.5455823063581	0.674	0.05	0.316	0.564	0.173	0.0337	0.000135	0.238	0.351	0.03	0.752	0.682	0.176	0.016															0.146838179301788	1.1934033635004	-0.428341816347493	0.383667818020227	1.56269816100148	1.0074841648499	2.0041534370621	-0.664027559626874	1.15227739626093	3.01764130742955	-0.322171245679813	0.0810407812217626	3.35827168207497	1.5455823063581
me.Ile	Ile	#000000	Ile	Amino			Ile	metabolomics		Isoleucine	ns	P	P	WP	ns	WP	ns	WP	ns	P	0.772	0.0	0.044	0.032	0.464	0.032	0.172	0.032	0.128	0.032	0.577966234066595	0.0855862062645384	0.0689275336537095	0.0067376969348814	0.422272766041821	0.0447582242324348	0.190176068384281	0.0268829446452508	0.101189159343264	0.0939154884653633											Ile	metabolomics	Ile		0.163987798416925	0.346058285805119	-0.249636735247554	0.554245839060114	1.27049840465744	0.234621129417588	1.75085715129766	-0.541872697877391	0.667743571322473	1.92138431445707	-0.323158573095153	0.525581718897842	2.84925755585087	1.00085575129447	0.8	0.086	1.0	0.207	0.02	0.422	0.0448	0.654	0.57	0.081	0.83	0.207	0.188	0.02															0.163987798416925	0.346058285805119	-0.249636735247554	0.554245839060114	1.27049840465744	0.234621129417588	1.75085715129766	-0.541872697877391	0.667743571322473	1.92138431445707	-0.323158573095153	0.525581718897842	2.84925755585087	1.00085575129447
me.Leu	Leu	#000000	Leu	Amino			Leu	metabolomics		Leucine	ns	ns	ns	ns	ns	ns	ns	P	WP	WP	0.168	0.456	0.112	0.396	0.964	0.136	0.088	0.032	0.032	0.032	0.161935339162352	0.361727788539505	0.211355892468092	0.424994982793674	0.916181565230624	0.246593654125305	0.0927832696024634	0.0595379230483722	0.0180471059687634	0.0416421909536985											Leu	metabolomics	Leu		0.326289016771934	0.15991504635616	-0.297701302906049	0.38074713836294	0.152867828361051	-0.0092460802875162	0.553919785299692	-0.294804473058566	0.370467323774638	1.00163397386272	-0.075450772092708	1.02832243517286	3.46020701877185	1.01742947822956	0.324	0.362	0.72	0.211	0.425	0.916	0.247	1.0	0.278	0.178	1.0	0.054	0.125	0.025															0.326289016771934	0.15991504635616	-0.297701302906049	0.38074713836294	0.152867828361051	-0.0092460802875162	0.553919785299692	-0.294804473058566	0.370467323774638	1.00163397386272	-0.075450772092708	1.02832243517286	3.46020701877185	1.01742947822956
me.Lys	Lys	#000000	Lys	Amino			Lys	metabolomics		Lysine	ns	ns	ns	ns	ns	ns	ns	WP	ns	P	0.968	0.056	0.176	0.172	0.928	0.072	0.148	0.032	0.12	0.032	0.931372321140087	0.0754203974695441	0.258254741724761	0.228816382158071	0.915121448203628	0.126127328990484	0.16697032195701	0.0244975493566158	0.0798251551843866	0.115699160841179											Lys	metabolomics	Lys		0.0581810121011825	0.531992274478175	-0.477494010600951	0.289313012051542	0.247999430451574	0.0108897709867914	0.77296923442622	-0.876073385281995	0.462549285542446	1.85473515690074	-0.752722113801737	0.629050085903165	2.38277445628563	0.433978793992145	0.931	0.081	0.161	0.516	0.348	0.915	0.126	0.054	0.45	0.074	0.054	0.239	0.348	0.512															0.0581810121011825	0.531992274478175	-0.477494010600951	0.289313012051542	0.247999430451574	0.0108897709867914	0.77296923442622	-0.876073385281995	0.462549285542446	1.85473515690074	-0.752722113801737	0.629050085903165	2.38277445628563	0.433978793992145
me.Met	Met	#000000	Met	Amino			Met	metabolomics		Methionine	ns	ns	ns	ns	ns	ns	ns	ns	P	ns	0.636	0.448	0.168	0.592	0.608	0.18	0.128	0.244	0.044	0.272	0.641782952395798	0.50431516898736	0.229721922105409	0.541967318864795	0.648280227466234	0.230541359759778	0.183248899183661	0.276600569689362	0.0908816592739451	0.19331264632361											Met	metabolomics	Met		-0.0893792129146058	-1.5	-0.239194735438483	-0.267277749503696	0.198876577894706	0.111606860559132	1.16173818437707	-0.816977147717912	0.344868736721028	2.29323187240096	-0.484916629977814	-0.410928510242207	0.991703211388274	0.407720540904393	0.642	0.738	0.93	0.46	0.579	0.648	0.231	0.104	0.366	0.738	0.265	0.273	0.579	0.265															-0.0893792129146058	-1.5	-0.239194735438483	-0.267277749503696	0.198876577894706	0.111606860559132	1.16173818437707	-0.816977147717912	0.344868736721028	2.29323187240096	-0.484916629977814	-0.410928510242207	0.991703211388274	0.407720540904393
me.Phe	Phe	#9264b6	Phe	SA			Phe	metabolomics		Phenylalanine	W	ns	ns	ns	WP	ns	P	P	ns	ns	0.06	0.224	0.46	0.452	0.028	0.2	0.04	0.032	0.092	0.076	0.0299530355726153	0.219946055052341	0.513156395825972	0.484789288480096	0.0404482954790489	0.157250979039144	0.0654658776232943	0.0704737549250864	0.0814518252633935	0.0933648115316278											Phe	metabolomics	Phe		-0.442366862797783	-0.200401769260338	-0.389439443891856	0.120846040605845	0.240891279021767	-0.410817011974257	0.390482043572352	-1.43677648543743	-0.583158678764013	0.531493431444169	-1.08970273005937	0.431982274689165	1.49266222999324	-1.15846881658452	0.09	0.22	0.752	0.513	0.485	0.0404	0.157	0.000261	0.131	0.141	0.000706	0.244	0.28	0.000255															-0.442366862797783	-0.200401769260338	-0.389439443891856	0.120846040605845	0.240891279021767	-0.410817011974257	0.390482043572352	-1.43677648543743	-0.583158678764013	0.531493431444169	-1.08970273005937	0.431982274689165	1.49266222999324	-1.15846881658452
me.Pro	Pro	#5a3e72	Pro	Pro			Pro	metabolomics		Proline	ns	WP	ns	ns	ns	ns	ns	ns	ns	P	0.432	0.0	0.088	0.692	0.168	0.808	0.976	0.144	0.068	0.044	0.397078472027264	0.0320164646358272	0.0918755126085174	0.762249399790063	0.184774173008673	0.769874073353184	0.593712572342082	0.171801784095407	0.0604196596245912	0.183992704964484											Pro	metabolomics	Pro		0.297859955552246	2.05998496018121	-0.241199093814465	0.67391959743777	0.136075107886268	-0.347652853192666	-0.0498530761580023	-0.130800794254114	0.136962493478875	0.636731109739206	0.0277037269030034	0.966525601586957	3.45250020695074	2.84996873865545	1.0	0.096	0.81	0.184	0.762	0.185	0.77	1.0	1.0	0.172	1.0	0.181	0.552	0.081															0.297859955552246	2.05998496018121	-0.241199093814465	0.67391959743777	0.136075107886268	-0.347652853192666	-0.0498530761580023	-0.130800794254114	0.136962493478875	0.636731109739206	0.0277037269030034	0.966525601586957	3.45250020695074	2.84996873865545
me.Ser	Ser	#000000	Ser	Amino			Ser	metabolomics		Serine	ns	WP	ns	ns	ns	WP	P	WP	ns	ns	0.104	0.028	0.092	0.264	0.14	0.024	0.04	0.0	0.312	0.148	0.106449260909425	0.0232415146124648	0.104936541536877	0.22922102609675	0.140125979405971	0.0133468380085333	0.104080412040965	0.0016734959202933	0.379386628882159	0.149915628514247											Ser	metabolomics	Ser		-0.390185089615558	-0.286388675852818	-0.145503739623802	-0.370515600612618	-0.391367029090445	-0.399540286035052	-0.443951474131417	-0.594997288528194	-0.693902055340962	-0.853418296086625	-0.374445954868548	-0.349183642393497	0.729832539417577	1.44675977496897	0.312	0.033	1.0	0.315	0.3	0.14	0.0133	0.133	0.312	0.005	0.491	0.758	0.3	0.002															-0.390185089615558	-0.286388675852818	-0.145503739623802	-0.370515600612618	-0.391367029090445	-0.399540286035052	-0.443951474131417	-0.594997288528194	-0.693902055340962	-0.853418296086625	-0.374445954868548	-0.349183642393497	0.729832539417577	1.44675977496897
me.Starch	Starch	#a68c5b	Starch	Starch			Starch	metabolomics		Starch	ns	ns	WP	ns	P	ns	P	ns	ns	ns	0.452	0.056	0.0	0.236	0.0	0.564	0.0	0.432	0.416	0.54	0.407222104744144	0.179403828344283	0.0334834161160429	0.307054957854318	0.0612753844358878	0.453561464262978	0.0705678486317537	0.43206032822753	0.438237084605818	0.585020825036603											Starch	metabolomics	Starch		-0.428372762195082	-0.792893273597747	0.114523214801173	-1.40709693502229	-1.24868894424506	-1.84779815017149	-0.242180095010848	-0.418730227650876	-1.75417266806305	-0.429449868023304	-0.289434613074475	0.290262575859689	-0.266374650697018	-0.562760058753563	0.407	0.537	0.678	0.1	0.921	0.0613	0.454	0.002	0.212	0.74	0.003	0.438	0.921	0.002															-0.428372762195082	-0.792893273597747	0.114523214801173	-1.40709693502229	-1.24868894424506	-1.84779815017149	-0.242180095010848	-0.418730227650876	-1.75417266806305	-0.429449868023304	-0.289434613074475	0.290262575859689	-0.266374650697018	-0.562760058753563
me.Sucrose	Sucrose	#a68c5b	Sucrose	Starch			Sucrose	metabolomics		Sucrose	ns	ns	ns	ns	ns	ns	ns	ns	ns	ns	0.856	0.084	0.336	0.16	0.36	0.588	0.968	0.884	0.504	0.08	0.797163251708713	0.13160427521994	0.318066681646446	0.153733171844566	0.407194340100904	0.718890812465401	0.858554626843658	0.737965282542145	0.512823212963796	0.107450897360937											Sucrose	metabolomics	Sucrose		0.0236013798158643	-0.427710674610815	0.0141710139008544	0.224291859439554	-0.39884735774462	-0.41602898316109	-0.10406823544746	0.019092284199683	-0.0835087184672711	0.0807653697857229	0.480031652037586	-0.090073641952011	-0.507028352508569	2.04988170322479	1.0	0.264	1.0	0.636	0.321	0.407	0.719	1.0	1.0	0.738	0.587	0.636	0.321	0.132															0.0236013798158643	-0.427710674610815	0.0141710139008544	0.224291859439554	-0.39884735774462	-0.41602898316109	-0.10406823544746	0.019092284199683	-0.0835087184672711	0.0807653697857229	0.480031652037586	-0.090073641952011	-0.507028352508569	2.04988170322479
me.Thr	Thr	#000000	Thr	Amino			Thr	metabolomics		Threonine	ns	ns	ns	ns	WP	ns	WP	ns	ns	ns	0.444	0.372	0.664	0.784	0.0	0.76	0.0	0.132	0.276	0.268	0.482076155475324	0.322472171345157	0.661505118728587	0.812793021233286	0.0033775711337248	0.703556883841811	0.0224064894168282	0.168129840048184	0.353420772888148	0.255514066339012											Thr	metabolomics	Thr		-0.0665047487484465	0.0637385855175276	-0.0831503196635826	0.0563651145153266	-0.0233577361369459	-0.26521963343662	0.0343915750284625	-0.77493594745384	-0.446433838942464	0.320293355867549	-0.36496636397524	0.180386451806538	0.436745965050375	1.18932247774198	0.482	0.504	1.0	1.0	0.813	0.00338	0.704	0.135	0.067	0.504	1.0	1.0	0.642	0.001															-0.0665047487484465	0.0637385855175276	-0.0831503196635826	0.0563651145153266	-0.0233577361369459	-0.26521963343662	0.0343915750284625	-0.77493594745384	-0.446433838942464	0.320293355867549	-0.36496636397524	0.180386451806538	0.436745965050375	1.18932247774198
me.Trp	Trp	#000000	Trp	Amino			Trp	metabolomics		Tryptophan																																																																																																				
me.Tyr	Tyr	#000000	Tyr	Amino			Tyr	metabolomics		Tyrosine	ns	ns	ns	ns	ns	WP	ns	WP	WP	P	0.976	0.08	0.072	0.076	0.548	0.0	0.28	0.032	0.032	0.032	0.959613644499087	0.18129154852108	0.092304340230332	0.130788193727566	0.524810917127122	0.0274006599797301	0.272487529211492	0.0459503672962889	0.0305177485660663	0.0672361068146368											Tyr	metabolomics	Tyr		-0.126038611869952	0.343352393773746	-0.361046344559144	0.351742251831151	0.782108838282172	0.241181454463498	1.52090571369602	-0.823652396350633	0.55758800618314	2.36397006341575	-0.741678542871643	0.523019041251933	2.82043548506292	-0.0585399945417233	0.96	0.181	0.948	0.185	0.202	0.525	0.0274	0.431	0.816	0.138	0.194	0.092	0.202	1.0															-0.126038611869952	0.343352393773746	-0.361046344559144	0.351742251831151	0.782108838282172	0.241181454463498	1.52090571369602	-0.823652396350633	0.55758800618314	2.36397006341575	-0.741678542871643	0.523019041251933	2.82043548506292	-0.0585399945417233
me.Val	Val	#000000	Val	Amino			Val	metabolomics		Valine	ns	WP	ns	ns	ns	P	ns	WP	P	P	0.628	0.032	0.452	0.4	0.308	0.032	0.448	0.032	0.032	0.0	0.615399252013674	0.044577165203553	0.45825752520489	0.434186918092518	0.263746443401884	0.0819111267753939	0.435558921867906	0.0232138233012359	0.0736572285166358	0.0962709212243382											Val	metabolomics	Val		0.122517774107077	0.377960599409185	-0.141059514136074	0.134935759112789	0.139310116872124	-0.223329684706605	0.956527594832286	-0.640139666998834	0.228642379898162	1.46826164000101	-0.300971388563092	0.721024731725654	2.51418549617413	0.963165732395165	1.0	0.07	1.0	0.458	0.434	0.264	0.0819	0.377	1.0	0.07	1.0	0.221	0.289	0.025															0.122517774107077	0.377960599409185	-0.141059514136074	0.134935759112789	0.139310116872124	-0.223329684706605	0.956527594832286	-0.640139666998834	0.228642379898162	1.46826164000101	-0.300971388563092	0.721024731725654	2.51418549617413	0.963165732395165
ph.COMPACTNESS	COMPACTNESS	#000000	Compactness				COMPACTNESS	phenomics		Compactness of the plant, calculated as the ratio between area and surface of convex hull enveloping particular plant.	ns	ns	WP	WP	WP	W	WP	ns	WP	WP	0.064	0.096	0.032	0.032	0.032	0.056	0.032	0.1	0.0	0.0	0.0683208654446042	0.109401318075007	0.0343964350873891	0.0016445156671926	0.0013699199649943	0.0243511371301009	0.0039073794226041	0.11358861927213	0.0018346106255323	0.0050379252690389											COMPACTNESS	phenomics	COMPACTNESS		-0.0429922145666151	-0.0732879537729436		0.0443090456747931	0.133495495727291	0.111019095131565	0.0517023353465674		0.117521793319871	0.0492525547898819		-0.138433765692585	-0.24008797744295		0.068	0.218		0.034	0.003	0.00137	0.0244		0.008	0.218		0.004	0.005		-2.430195995948292	-5.307487234827235		3.028002766506277	9.335356825495268	8.731330593105247	3.957548026608282		9.069207335814422	3.4481235975265756		-10.326108152337854	-18.110559532932523		24.975698040040516	24.946925127651728		25.030280027665064	25.09335356825495	25.08731330593105	25.039575480266084		25.090692073358145	25.034481235975267		24.896738918476622	24.818894404670676	
ph.DW_SH_Total	DW_SH_Total	#a68c5b	Dry weight	Starch			DW_SH_Total	phenomics		Dry weight of the shoot biomass cut at the collar, measured after 48h in the dryer at 60°C.	ns	ns	ns	ns	WP	ns	ns	ns	ns	ns	0.264	0.104	0.66	0.388	0.028	0.084	0.168	0.22	0.716	0.22	0.267144528119979	0.109829676841476	0.681450532569607	0.402568480521856	0.0412718278127979	0.0862477907383855	0.246519253583819	0.291653461029105	0.708810080422865	0.211863815170163											DW_SH_Total	phenomics	DW_SH_Total		-0.181277960039388	-0.18240381911739		0.0798890406808759	-0.172377562825692	-0.465373872595964	0.287554584324036		-0.196928670484675	-0.168399527305324		-0.137590385655744	-0.439663837935538		0.741	0.33		1.0	0.806	0.0413	0.0862		0.741	0.584		1.0	0.636		-11.651599942602953	-11.998161704362676		7.199665131854327	-12.180841849991342	-26.811594202898537	22.656993730098797		-12.487444396613567	-10.497981157469717		-6.5648109390260885	-24.02217218084186		24.883484000573972	24.880018382956372		25.071996651318543	24.878191581500086	24.731884057971016	25.226569937300987		24.875125556033865	24.895020188425303		24.93435189060974	24.759778278191583	
ph.FW_SH_Total	FW_SH_Total	#000000	Fresh weight				FW_SH_Total	phenomics		Fresh weight of the shoot biomass cut at the collar.	P	WP	ns	P	WP	ns	WP	WP	ns	WP	0.044	0.016	0.808	0.016	0.028	0.88	0.0	0.0	0.532	0.0	0.105248225048263	0.012969673680402	0.801790618694934	0.101905349484801	0.015500922148316	0.890008968598582	0.0284653055408576	0.003708793597597	0.568457451647918	0.0106936025251657											FW_SH_Total	phenomics	FW_SH_Total		-0.136684845897209	-0.188391570504772		0.0242938317502199	-0.219228037268433	-0.213088797160482	-0.0079800924843596		-0.24962988609247	-0.297399344056451		-0.170348173069354	-0.691829409933541		0.21	0.026		1.0	0.112	0.0155	0.89		0.086	0.011		1.0	0.032		-8.833501983463831	-12.296003111389009		4.351275543339006	-14.484939799316187	-13.602343737394463	-0.5588896982511304		-15.603786675640851	-18.57185525165077		-8.726773596761905	-36.90763284938016		24.911664980165362	24.87703996888611		25.04351275543339	24.855150602006837	24.863976562626057	24.994411103017487		24.84396213324359	24.81428144748349		24.912732264032382	24.6309236715062	
ph.Fv.Fm	Fv.Fm	#4c8b61	Fv/Fm	PS			Fv.Fm	phenomics		Steady-state fluorescence of maximum efficiency of PSII photochemistry in the light trait based on chlorophyll fluorescence top view. 	ns	WP	WP	WP	WP	ns	P	WP	ns	WP	0.8	0.0	0.032	0.0	0.0	0.216	0.032	0.0	0.608	0.0	0.691881009684574	0.0238678330505027	0.0153431256529579	0.0006161522826866	0.0025998424893658	0.220173284039635	0.0977464634373491	0.0336639092289756	0.61824652503635	0.0013106479203666											Fv.Fm	phenomics	Fv.Fm		-0.0025283157794213	-0.0187455933143961		0.0175265776879686	0.0351415182303738	0.0362580901473009	-0.0266059777022354		0.0130777267017291	-0.0544955778457427		-0.0051998878452284	-0.333448482582021		0.692	0.072		0.046	0.002	0.0026	0.22		0.195	0.072		0.618	0.002		-0.2203053524398535	-1.1731516968290001		0.6896268459676946	2.2545890728134177	2.309246925016062	-2.0303991363696983		1.0838741836624477	-3.8089312312402646		-0.505253154240326	-21.120809780373186		24.997796946475603	24.98826848303171		25.006896268459677	25.022545890728136	25.02309246925016	24.979696008636303		25.010838741836626	24.9619106876876		24.994947468457596	24.78879190219627	
ph.Num_Tubers	Num_Tubers	#000000	Number tubers				Num_Tubers	phenomics		Total number of the tubers produced by each plant.																																									Num_Tubers	phenomics	Num_Tubers																																26.0					32.00000000000001			15.999999999999993			-82.0			25.26					25.32			25.16			24.18
ph.TOP.AREA	TOP.AREA	#000000	Top area				TOP.AREA	phenomics		Geometry trait based on visible-light top view (projected plant area in pixels). 	ns	WP	ns	WP	WP	WP	WP	WP	ns	WP	0.428	0.0	0.912	0.032	0.0	0.0	0.0	0.032	0.292	0.0	0.500745551794664	0.0051953149782818	0.909248488628173	0.0025361192937426	0.0027138281859706	0.0006771037630754	0.0025986350168174	0.0001256282997287	0.320385096415205	0.0001370222448173											TOP.AREA	phenomics	TOP.AREA		-0.0496155711442547	-0.343673922924761		-0.0050719279027617	-0.328130369814161	-0.371900147476211	-0.445925131436489		-0.416611006503125	-0.623465274816926		-0.0860872686303402	-1.02780532884107		0.501	0.01		0.909	0.005	0.00271	0.000677		0.008	0.000378		0.657	0.000411		-2.3260335029726464	-17.41153807496928		-0.31842522217240266	-19.731636795969386	-20.09371600984615	-24.153557610478305		-25.19979450361539	-35.06464390019867		-10.159914482742504	-53.05764879845412		24.976739664970275	24.825884619250306		24.996815747778275	24.802683632040306	24.799062839901538	24.758464423895216		24.748002054963845	24.649353560998012		24.898400855172575	24.46942351201546	
ph.Total_Tubers_Weight	Total_Tubers_Weight	#000000	Total tubers weight				Total_Tubers_Weight	phenomics		Total weight of the tubers produced by each plant.																																									Total_Tubers_Weight	phenomics	Total_Tubers_Weight																																-4.640835350363071					-48.286691604488816			-48.36470564701647			-97.40353263587446			24.95359164649637					24.517133083955112			24.516352943529835			24.025964673641255
ph.VdnPW1_81435	VdnPW1_81435	#000000	ACSL		VdnPW1_81435	ACSL	VdnPW1_81435	proteomics	['11.1.9 lipid metabolism.FA synthesis and FA elongation.long chain fatty acid CoA ligase', '11.1 lipid metabolism.FA synthesis and FA elongation', '11 lipid metabolism']	Long-chain-fatty-acid-CoA ligase									DEP-DE																								0.95						0.000928		VdnPW1_81435	proteomics	ACSL	11.1.9 lipid metabolism.FA synthesis and FA elongation.long chain fatty acid CoA ligase | 11.1 lipid metabolism.FA synthesis and FA elongation | 11 lipid metabolism				0.121								1.11						0.95								0.000928																				0.121								1.11		
ph.WATER.CONSUMPTION	WATER.CONSUMPTION	#000000	Water consumption				WATER.CONSUMPTION	phenomics		Absolute weight trait based on weighing of the entire pot in time.	ns	WP	P	WP	WP	WP	ns	WP	ns	WP	0.32	0.0	0.032	0.032	0.032	0.032	0.136	0.0	0.436	0.0	0.387866781132678	0.0017349833205432	0.139480395942812	0.023659976631776	0.0010378909315598	0.0046142290289639	0.141909252444876	0.0123868419994864	0.453251520923223	2.34682852742985e-05											WATER.CONSUMPTION	phenomics	WATER.CONSUMPTION		-0.0969501106765103	-0.885384782122261		0.931440034864582	0.773205283938609	0.800699750679369	0.431035654885046		0.291606954949941	-0.491369177801906		0.0983309655042568	-1.61029407375123		0.388	0.005		0.417	0.024	0.00104	0.00461		0.284	0.012		0.453	7.05e-05		-3.1029619181946466	-47.06616729088638		100.23364485981313	65.44021024967151	68.40620592383637	42.1972534332085		33.427362482369524	-22.72159800249688		17.99065420560748	-67.93692509855454		24.968970380818053	24.529338327091136		26.002336448598133	25.654402102496714	25.684062059238364	25.421972534332085		25.334273624823695	24.77278401997503		25.179906542056074	24.320630749014455	
ph.deltaT	deltaT	#000000	Δ Temperature				deltaT	phenomics		Steady-state absolute plant temperature normalized to ambient temperature trait based on side view thermal imaging and environmental sensors. 	ns	WP	WP	WP	WP	ns	ns	ns	WP	WP	0.68	0.032	0.0	0.032	0.032	0.188	0.164	0.988	0.032	0.032	0.691632541315447	0.0094228289727759	0.0272750406216741	0.0043978463695565	0.0073795464365286	0.240594411838809	0.193041984422997	0.998274396714319	0.0027748135260296	0.0009124757809654											deltaT	phenomics	deltaT		-0.0428278316384289	0.572946407795615		-2.26784028782096	-1.64011345767835	-0.729876346040913	-0.278178008209509		-0.295787051602373	0.0053829105737756		0.774650225841884	1.17355700833435		0.692	0.019		0.027	0.004	0.00738	0.241		0.579	0.998		0.008	0.002		-6.612694510807948	33.749663418605614		-50.997688622888184	-51.57462319769143	-26.94674539463835	-22.137236263601757		-6.498748564921986	2.3088409211222016		43.03306492091006	137.35353351603058		24.93387305489192	25.337496634186056		24.49002311377112	24.484253768023084	24.730532546053617	24.778627637363982		24.93501251435078	25.023088409211223		25.4303306492091	26.373535335160305	
ph.qL	qL	#4c8b61	qL	PS			qL	phenomics		Steady-state estimation of the fraction of open reaction centers in PSII trait based on chlorophyll fluorescence top view. 																																									qL	phenomics	qL																0.287	0.014		0.055	0.000572	0.000548	0.00999		0.001	0.01		0.769	0.000572		0.16058114586638972	4.085153074555725		-5.307026265580617	-15.523284135527549	-15.176469759034106	-21.336850214232406		-9.124367279075972	-13.67707968783658		-0.30298031590529906	-1.2773781517025795		25.001605811458663	25.040851530745556		24.946929737344195	24.844767158644725	24.84823530240966	24.786631497857677		24.90875632720924	24.863229203121634		24.996970196840948	24.987226218482974	
pr.ACA11	VdnPW4_15664	#f6896d	ACA11	Ca	VdnPW4_15664	ACA11	VdnPW4_15664	proteomics	['34.21 transport.calcium', '30.3 signalling.calcium', '34 transport', '30 signalling']	Calcium-transporting ATPase 1					DEP-DE																										0.953	0.903			0.0332		0.963				VdnPW4_15664	proteomics	ACA11	34.21 transport.calcium | 30.3 signalling.calcium | 34 transport | 30 signalling	-0.067	0.358				1.79			0.287						0.953	0.903				0.0332			0.963																				-0.067	0.358				1.79			0.287					
pr.ACAD	CLCdnDe13_5738	#000000	ACAD		CLCdnDe13_5738	ACAD	CLCdnDe13_5738	proteomics	['11.9.4.2 lipid metabolism.lipid degradation.beta-oxidation.acyl CoA DH', '11.9.4 lipid metabolism.lipid degradation.beta-oxidation', '11.9 lipid metabolism.lipid degradation', '11 lipid metabolism']	Acyl-CoA dehydrogenase								DEP-DE																								0.925		0.943		0.425		0.0479		0.936	CLCdnDe13_5738	proteomics	ACAD	11.9.4.2 lipid metabolism.lipid degradation.beta-oxidation.acyl CoA DH | 11.9.4 lipid metabolism.lipid degradation.beta-oxidation | 11.9 lipid metabolism.lipid degradation | 11 lipid metabolism		-0.134			0.665		0.808			1.23			0.425			0.925			0.943		0.425			0.0479			0.936																	-0.134			0.665		0.808			1.23			0.425	
pr.ALDH10A8	CLCdnDe10_24187	#8bbafc	ALDH	ABA	CLCdnDe10_24187	ALDH10A8	CLCdnDe10_24187	proteomics	['16.4.2 secondary metabolism.N misc.betaine', '16.4.2.1 secondary metabolism.N misc.betaine.betaine-aldehyde dehydrogenase', '16.4 secondary metabolism.N misc', '16 secondary metabolism']	Betaine aldehyde dehydrogenase								DEP-DE																								0.924		0.948		0.913		0.0176	0.958	0.942	CLCdnDe10_24187	proteomics	ALDH10A8	16.4.2 secondary metabolism.N misc.betaine | 16.4.2.1 secondary metabolism.N misc.betaine.betaine-aldehyde dehydrogenase | 16.4 secondary metabolism.N misc | 16 secondary metabolism		0.178			0.77		0.162			1.66		-0.543	-0.483			0.924			0.948		0.913			0.0176		0.958	0.942																	0.178			0.77		0.162			1.66		-0.543	-0.483	
pr.ATS1	CLCdnDe6_4953	#000000	ATS1		CLCdnDe6_4953	ATS1	CLCdnDe6_4953	proteomics	['11.3.1 lipid metabolism.phospholipid synthesis.1-acylglycerol-3-phosphate O-acyltransferase', '11.3 lipid metabolism.phospholipid synthesis', '11 lipid metabolism']	Glycerol-3-phosphate acyltransferase								DEP-DE																							0.905	0.75	0.95	0.954	0.958	0.255	0.98	0.04	0.95	0.887	CLCdnDe6_4953	proteomics	ATS1	11.3.1 lipid metabolism.phospholipid synthesis.1-acylglycerol-3-phosphate O-acyltransferase | 11.3 lipid metabolism.phospholipid synthesis | 11 lipid metabolism	0.271	-0.706		0.229	-0.35	-0.137	-1.05		-0.0838	-1.2		0.393	-0.511		0.905	0.75		0.95	0.954	0.958	0.255		0.98	0.04		0.95	0.887																0.271	-0.706		0.229	-0.35	-0.137	-1.05		-0.0838	-1.2		0.393	-0.511	
pr.BSL1	PBdnRY1_11085	#000000	BSL1		PBdnRY1_11085	BSL1	PBdnRY1_11085	proteomics	['17.3.2.1 hormone metabolism.brassinosteroid.signal transduction.BRI', '17.3.2 hormone metabolism.brassinosteroid.signal transduction', '17.3 hormone metabolism.brassinosteroid', '17 hormone metabolism']	Serine/threonine-protein phosphatase																															0.954				0.384		0.983		0.772		PBdnRY1_11085	proteomics	BSL1	17.3.2.1 hormone metabolism.brassinosteroid.signal transduction.BRI | 17.3.2 hormone metabolism.brassinosteroid.signal transduction | 17.3 hormone metabolism.brassinosteroid | 17 hormone metabolism	-0.0537					1.54			0.0251			-0.569			0.954					0.384			0.983			0.772																	-0.0537					1.54			0.0251			-0.569		
pr.CCT2	Sotub11g025210.1.1	#ee6b6f	CCT2	HSP	Sotub11g025210.1.1	CCT2	Sotub11g025210.1.1	proteomics	['29.6 protein.folding', '29 protein']	T-complex protein 1 subunit beta																															0.945	0.926	0.971	0.865	0.878	0.249	0.913	0.0468	0.966	0.874	Sotub11g025210.1.1	proteomics	CCT2	29.6 protein.folding | 29 protein	-0.0831	0.0737		0.0278	0.483	0.438	0.809		0.401	0.885		-0.225	0.419		0.945	0.926		0.971	0.865	0.878	0.249		0.913	0.0468		0.966	0.874																-0.0831	0.0737		0.0278	0.483	0.438	0.809		0.401	0.885		-0.225	0.419	
pr.CHA	CLCdnPW22_15452	#f3d686	CHA	JA	CLCdnPW22_15452	CHA	CLCdnPW22_15452	proteomics	['20.1.7.3 stress.biotic.PR-proteins.PR3/4/8/11 (chitinases and chitin binding proteins)', '20.1.7 stress.biotic.PR-proteins', '20.1 stress.biotic', '20 stress']	Chitinase A								DEP-DE																							0.866	0.614	0.919	0.977	0.957	0.307	0.975	0.0428	0.985	0.574	CLCdnPW22_15452	proteomics	CHA	20.1.7.3 stress.biotic.PR-proteins.PR3/4/8/11 (chitinases and chitin binding proteins) | 20.1.7 stress.biotic.PR-proteins | 20.1 stress.biotic | 20 stress	-0.455	-1.06		-0.424	0.133	0.177	-1.13		0.216	-1.4		-0.0512	1.26		0.866	0.614		0.919	0.977	0.957	0.307		0.975	0.0428		0.985	0.574																-0.455	-1.06		-0.424	0.133	0.177	-1.13		0.216	-1.4		-0.0512	1.26	
pr.CLCdnDe7_34340	CLCdnDe7_34340	#ee6b6f	HSP25.3	HSP	CLCdnDe7_34340	HSP25.3	CLCdnDe7_34340	proteomics	['20.2.1 stress.abiotic.heat', '20.2 stress.abiotic', '20 stress']	Heat shock protein																																									CLCdnDe7_34340	proteomics	HSP25.3	20.2.1 stress.abiotic.heat | 20.2 stress.abiotic | 20 stress																																																								
pr.CLPB4	VdnPW3_37011	#ee6b6f	CLPB4	HSP	VdnPW3_37011	CLPB4	VdnPW3_37011	proteomics	['20.2.1 stress.abiotic.heat', '20.2 stress.abiotic', '20 stress']	Chaperone protein clpB 2								DEP-DE																							0.82	0.906	0.964	0.875	0.941	0.291	0.974	0.0196	0.939	0.94	VdnPW3_37011	proteomics	CLPB4	20.2.1 stress.abiotic.heat | 20.2 stress.abiotic | 20 stress	-0.439	0.25		-0.118	0.635	0.313	1.02		0.193	1.34		0.449	0.249		0.82	0.906		0.964	0.875	0.941	0.291		0.974	0.0196		0.939	0.94																-0.439	0.25		-0.118	0.635	0.313	1.02		0.193	1.34		0.449	0.249	
pr.CSD2	VdnDe2_53978	#b8da78	CSD2	ROS	VdnDe2_53978	CSD2	VdnDe2_53978	proteomics	['21.6 redox.dismutases and catalases', '21 redox']	Superoxide dismutase		DEP-DE																													0.887	0.0371	0.958	0.964	0.7	0.297	0.982	0.00942	0.964	0.89	VdnDe2_53978	proteomics	CSD2	21.6 redox.dismutases and catalases | 21 redox	0.22	-1.46		0.118	-0.209	0.625	-0.68		0.03	-0.974		0.216	-0.377		0.887	0.0371		0.958	0.964	0.7	0.297		0.982	0.00942		0.964	0.89																0.22	-1.46		0.118	-0.209	0.625	-0.68		0.03	-0.974		0.216	-0.377	
pr.DHQS	SdnRY1_10712	#000000	DHQS	Amino	SdnRY1_10712	DHQS	SdnRY1_10712	proteomics	['13.1.6.1.2 amino acid metabolism.synthesis.aromatic aa.chorismate.3-dehydroquinate synthase', '13.1.6.1 amino acid metabolism.synthesis.aromatic aa.chorismate', '13.1.6 amino acid metabolism.synthesis.aromatic aa', '13.1 amino acid metabolism.synthesis', '13 amino acid metabolism']	Dehydroquinate synthase																															0.944	0.14	0.897	0.96	0.938	0.832	0.97	0.0196	0.982	0.831	SdnRY1_10712	proteomics	DHQS	13.1.6.1.2 amino acid metabolism.synthesis.aromatic aa.chorismate.3-dehydroquinate synthase | 13.1.6.1 amino acid metabolism.synthesis.aromatic aa.chorismate | 13.1.6 amino acid metabolism.synthesis.aromatic aa | 13.1 amino acid metabolism.synthesis | 13 amino acid metabolism	-0.0851	-1.18		0.307	-0.226	-0.236	-0.28		-0.178	-0.96		-0.0745	-0.484		0.944	0.14		0.897	0.96	0.938	0.832		0.97	0.0196		0.982	0.831																-0.0851	-1.18		0.307	-0.226	-0.236	-0.28		-0.178	-0.96		-0.0745	-0.484	
pr.DNAJ2	CLCdnPW50_2470	#ee6b6f	DNAJ2	HSP	CLCdnPW50_2470	DNAJ2	CLCdnPW50_2470	proteomics	['20.2 stress.abiotic', '20.2.1 stress.abiotic.heat', '20 stress']	Chaperone protein dnaJ 2	DEP-DE						DEP-DE																								0.0394				0.525		0.0217				CLCdnPW50_2470	proteomics	DNAJ2	20.2 stress.abiotic | 20.2.1 stress.abiotic.heat | 20 stress	-1.09					-1.08			-1.33						0.0394					0.525			0.0217																				-1.09					-1.08			-1.33					
pr.DPE2	PBdnRY1_2239	#a68c5b	DPE2	Starch	PBdnRY1_2239	DPE2	PBdnRY1_2239	proteomics	['2.2.2.4 major CHO metabolism.degradation.starch.D enzyme', '2 major CHO metabolism', '2.2.2 major CHO metabolism.degradation.starch', '2.2 major CHO metabolism.degradation']	4-alpha-glucanotransferase								DEP-DE																							0.859	0.926	0.963	0.946	0.718	0.455	0.981	0.0363	0.958	0.281	PBdnRY1_2239	proteomics	DPE2	2.2.2.4 major CHO metabolism.degradation.starch.D enzyme | 2 major CHO metabolism | 2.2.2 major CHO metabolism.degradation.starch | 2.2 major CHO metabolism.degradation	-0.378	-0.108		0.133	0.408	0.893	0.808		-0.0614	1.25		0.36	1.35		0.859	0.926		0.963	0.946	0.718	0.455		0.981	0.0363		0.958	0.281																-0.378	-0.108		0.133	0.408	0.893	0.808		-0.0614	1.25		0.36	1.35	
pr.DSP4	VdnDe1_162036	#a68c5b	DSP4	Starch	VdnDe1_162036	DSP4	VdnDe1_162036	proteomics	['2.2.2.10 major CHO metabolism.degradation.starch.laforin like phosphoglucan phosphatase (SEX4)', '2.2.2 major CHO metabolism.degradation.starch', '2.2 major CHO metabolism.degradation', '2 major CHO metabolism']	Dual-specificity protein-like phosphatase 3								DEP-DE																							0.828	0.91	0.911	0.678	0.948	0.429	0.945	0.0282	0.98	0.958	VdnDe1_162036	proteomics	DSP4	2.2.2.10 major CHO metabolism.degradation.starch.laforin like phosphoglucan phosphatase (SEX4) | 2.2.2 major CHO metabolism.degradation.starch | 2.2 major CHO metabolism.degradation | 2 major CHO metabolism	-0.416	-0.222		-0.382	-0.842	-0.243	-0.886		-0.415	-1.26		0.138	0.0469		0.828	0.91		0.911	0.678	0.948	0.429		0.945	0.0282		0.98	0.958																-0.416	-0.222		-0.382	-0.842	-0.243	-0.886		-0.415	-1.26		0.138	0.0469	
pr.EMB2004	CLCdnPW48_15164	#000000	EMB2004		CLCdnPW48_15164	EMB2004	CLCdnPW48_15164	proteomics	['17.6.3 hormone metabolism.gibberelin.induced-regulated-responsive-activated', '17.6 hormone metabolism.gibberelin', '17 hormone metabolism']	NACHT, LRR and PYD domains-containing protein 5																															0.935	0.175	0.935	0.899	0.82	0.15	0.966	0.0476	0.964	0.96	CLCdnPW48_15164	proteomics	EMB2004	17.6.3 hormone metabolism.gibberelin.induced-regulated-responsive-activated | 17.6 hormone metabolism.gibberelin | 17 hormone metabolism	0.106	1.01		-0.197	0.37	0.462	0.806		0.185	0.762		-0.207	-0.0103		0.935	0.175		0.935	0.899	0.82	0.15		0.966	0.0476		0.964	0.96																0.106	1.01		-0.197	0.37	0.462	0.806		0.185	0.762		-0.207	-0.0103	
pr.F14P22.200	VdnPW4_18801	#000000	KARI	Amino	VdnPW4_18801	F14P22.200	VdnPW4_18801	proteomics	['13.1.4.1.2 amino acid metabolism.synthesis.branched chain group.common.ketol-acid reductoisomerase', '13.1.4.1 amino acid metabolism.synthesis.branched chain group.common', '13.1.4 amino acid metabolism.synthesis.branched chain group', '13.1 amino acid metabolism.synthesis', '13 amino acid metabolism']	Ketol-acid reductoisomerase						DEP-DE		DEP-DE																							0.364	0.818	0.878	0.977	0.258	0.0102	0.796	5.15e-05	0.981	0.87	VdnPW4_18801	proteomics	F14P22.200	13.1.4.1.2 amino acid metabolism.synthesis.branched chain group.common.ketol-acid reductoisomerase | 13.1.4.1 amino acid metabolism.synthesis.branched chain group.common | 13.1.4 amino acid metabolism.synthesis.branched chain group | 13.1 amino acid metabolism.synthesis | 13 amino acid metabolism	0.484	0.344		0.278	0.0626	0.893	1.06		0.434	1.15		0.0774	-0.341		0.364	0.818		0.878	0.977	0.258	0.0102		0.796	5.15e-05		0.981	0.87																0.484	0.344		0.278	0.0626	0.893	1.06		0.434	1.15		0.0774	-0.341	
pr.F3H	TDe_comp110944_c2_seq4	#ffba08	F3H	Flavonol	TDe_comp110944_c2_seq4	F3H	TDe_comp110944_c2_seq4	proteomics	['16.8.3.2 secondary metabolism.flavonoids.dihydroflavonols.flavanone 3-hydroxylase', '16.8.3 secondary metabolism.flavonoids.dihydroflavonols', '16.8 secondary metabolism.flavonoids', '16 secondary metabolism']	Flavanone 3-hydroxylase								DEP-DE																							0.942	0.7	0.959	0.962	0.504	0.786	0.979	0.033	0.985	0.898	TDe_comp110944_c2_seq4	proteomics	F3H	16.8.3.2 secondary metabolism.flavonoids.dihydroflavonols.flavanone 3-hydroxylase | 16.8.3 secondary metabolism.flavonoids.dihydroflavonols | 16.8 secondary metabolism.flavonoids | 16 secondary metabolism	0.147	-0.929		-0.222	-0.342	-1.32	-0.546		-0.132	-1.46		-0.036	-0.561		0.942	0.7		0.959	0.962	0.504	0.786		0.979	0.033		0.985	0.898																0.147	-0.929		-0.222	-0.342	-1.32	-0.546		-0.132	-1.46		-0.036	-0.561	
pr.GLU1	CLCdnPW12_1472	#556d9a	GLU1	N	CLCdnPW12_1472	GLU1	CLCdnPW12_1472	proteomics	['12.2.1.1 N-metabolism.ammonia metabolism.glutamate synthase.ferredoxin dependent', '12.2.1 N-metabolism.ammonia metabolism.glutamate synthase', '12.2 N-metabolism.ammonia metabolism', '12 N-metabolism']	Glutamate synthase (Ferredoxin)																															0.954	0.797	0.908	0.546	0.182	0.465	0.781	0.0352	0.986	0.825	CLCdnPW12_1472	proteomics	GLU1	12.2.1.1 N-metabolism.ammonia metabolism.glutamate synthase.ferredoxin dependent | 12.2.1 N-metabolism.ammonia metabolism.glutamate synthase | 12.2 N-metabolism.ammonia metabolism | 12 N-metabolism	0.0192	0.277		-0.176	0.427	0.718	0.349		0.329	0.55		-0.00684	0.301		0.954	0.797		0.908	0.546	0.182	0.465		0.781	0.0352		0.986	0.825																0.0192	0.277		-0.176	0.427	0.718	0.349		0.329	0.55		-0.00684	0.301	
pr.HQT	CLCdnDe13_63179	#8bbafc	HQT	ABA	CLCdnDe13_63179	HQT	CLCdnDe13_63179	proteomics	['16.2 secondary metabolism.phenylpropanoids', '16 secondary metabolism']	Hydroxycinnamoyl CoA quinate transferase 2						DEP-DE																									0.737	0.713	0.728	0.981	0.787	0.0414	0.934	0.0549	0.927	0.943	CLCdnDe13_63179	proteomics	HQT	16.2 secondary metabolism.phenylpropanoids | 16 secondary metabolism	-0.791	1.04		0.803	0.0165	1.17	2.05		0.751	1.55		0.595	0.274		0.737	0.713		0.728	0.981	0.787	0.0414		0.934	0.0549		0.927	0.943																-0.791	1.04		0.803	0.0165	1.17	2.05		0.751	1.55		0.595	0.274	
pr.HSP	PBdnRY1_5389	#ee6b6f	HSP	HSP	PBdnRY1_5389	HSP	PBdnRY1_5389	proteomics	['29.6 protein.folding', '20.2.1 stress.abiotic.heat', '20.2 stress.abiotic', '20 stress', '29 protein']	heat shock protein																															0.941	0.931	0.935	0.888	0.0274	0.0725	0.692	6.26e-05	0.949	0.891	PBdnRY1_5389	proteomics	HSP	29.6 protein.folding | 20.2.1 stress.abiotic.heat | 20.2 stress.abiotic | 20 stress | 29 protein	-0.0553	-0.0234		-0.128	0.25	0.837	0.585		0.342	0.791		-0.168	0.21		0.941	0.931		0.935	0.888	0.0274	0.0725		0.692	6.26e-05		0.949	0.891																-0.0553	-0.0234		-0.128	0.25	0.837	0.585		0.342	0.791		-0.168	0.21	
pr.HSP101	SdnPW1_46	#ee6b6f	HSP101	HSP	SdnPW1_46	HSP101	SdnPW1_46	proteomics	['20.2.1 stress.abiotic.heat', '20.2 stress.abiotic', '20 stress']	ClpB chaperone								DEP-DE																							0.484	0.734	0.674	0.575	0.385	0.128	0.0758	0.000216	0.929	0.848	SdnPW1_46	proteomics	HSP101	20.2.1 stress.abiotic.heat | 20.2 stress.abiotic | 20 stress	-1.1	1.24		1.31	1.56	2.02	2.16		2.34	3.01		1.04	1.05		0.484	0.734		0.674	0.575	0.385	0.128		0.0758	0.000216		0.929	0.848																-1.1	1.24		1.31	1.56	2.02	2.16		2.34	3.01		1.04	1.05	
pr.HSP70-7	VdnDe2_29290	#ee6b6f	HSP70-7	HSP	VdnDe2_29290	HSP70-7	VdnDe2_29290	proteomics	['29.6 protein.folding', '20.2.1 stress.abiotic.heat', '20.2 stress.abiotic', '20 stress', '29 protein']	Chaperone DnaK						DEP-DE		DEP-DE																							0.898	0.507	0.904	0.463	0.949	0.00975	0.953	1.77e-07	0.844	0.949	VdnDe2_29290	proteomics	HSP70-7	29.6 protein.folding | 20.2.1 stress.abiotic.heat | 20.2 stress.abiotic | 20 stress | 29 protein	-0.308	1.07		0.428	1.12	0.249	1.91		0.394	2.49		0.662	0.168		0.898	0.507		0.904	0.463	0.949	0.00975		0.953	1.77e-07		0.844	0.949																-0.308	1.07		0.428	1.12	0.249	1.91		0.394	2.49		0.662	0.168	
pr.HSP90-1	CLCdnDe11_2286	#ee6b6f	HSP90-1	HSP	CLCdnDe11_2286	HSP90-1	CLCdnDe11_2286	proteomics	['20.2.1 stress.abiotic.heat', '20.2 stress.abiotic', '20 stress']	Heat shock protein 90 (Fragment)						DEP-DE		DEP-DE																							0.958	0.887		0.823	0.461	0.0151	0.933	1.92e-05		0.817	CLCdnDe11_2286	proteomics	HSP90-1	20.2.1 stress.abiotic.heat | 20.2 stress.abiotic | 20 stress	0.00486	0.326			0.662	1.1	1.57		0.439	1.87			-0.649		0.958	0.887			0.823	0.461	0.0151		0.933	1.92e-05			0.817																0.00486	0.326			0.662	1.1	1.57		0.439	1.87			-0.649	
pr.ISPH	CLCdnDe2_311	#8bbafc	ISPH	ABA	CLCdnDe2_311	ISPH	CLCdnDe2_311	proteomics	['16.1.1.7 secondary metabolism.isoprenoids.non-mevalonate pathway.HDR', '16.1.1 secondary metabolism.isoprenoids.non-mevalonate pathway', '16.1 secondary metabolism.isoprenoids', '16 secondary metabolism']	4-hydroxy-3-methylbut-2-enyl diphosphate reductase								DEP-DE																							0.909	0.198	0.951	0.962	0.961	0.147	0.969	0.0319	0.938	0.959	CLCdnDe2_311	proteomics	ISPH	16.1.1.7 secondary metabolism.isoprenoids.non-mevalonate pathway.HDR | 16.1.1 secondary metabolism.isoprenoids.non-mevalonate pathway | 16.1 secondary metabolism.isoprenoids | 16 secondary metabolism	0.248	1.42		-0.212	0.281	-0.0968	1.18		0.236	1.18		0.418	0.0236		0.909	0.198		0.951	0.962	0.961	0.147		0.969	0.0319		0.938	0.959																0.248	1.42		-0.212	0.281	-0.0968	1.18		0.236	1.18		0.418	0.0236	
pr.LHCA3	VdnPW5_1541	#4c8b61	LHCA3	PS	VdnPW5_1541	LHCA3	VdnPW5_1541	proteomics	['1.1.2.1 PS.lightreaction.photosystem I.LHC-I', '1.1.2 PS.lightreaction.photosystem I', '1.1 PS.lightreaction', '1 PS']	Chlorophyll a-b binding protein 8, chloroplastic																															0.0147	0.114	0.962	0.963	0.567	0.907	0.27	0.906	0.737	0.937	VdnPW5_1541	proteomics	LHCA3	1.1.2.1 PS.lightreaction.photosystem I.LHC-I | 1.1.2 PS.lightreaction.photosystem I | 1.1 PS.lightreaction | 1 PS	-0.907	1.16		-0.0921	0.19	-0.706	-0.108		-0.755	-0.0713		-0.488	0.179		0.0147	0.114		0.962	0.963	0.567	0.907		0.27	0.906		0.737	0.937																-0.907	1.16		-0.0921	0.19	-0.706	-0.108		-0.755	-0.0713		-0.488	0.179	
pr.LOX2	CLCdnPW31_956	#f3d686	LOX2	JA	CLCdnPW31_956	LOX2	CLCdnPW31_956	proteomics	['17.7.1.2 hormone metabolism.jasmonate.synthesis-degradation.lipoxygenase', '17.7.1 hormone metabolism.jasmonate.synthesis-degradation', '17.7 hormone metabolism.jasmonate', '17 hormone metabolism']	Lipoxygenase								DEP-DE																							0.953	0.605	0.951	0.967	0.517	0.224	0.382	0.0053	0.966	0.584	CLCdnPW31_956	proteomics	LOX2	17.7.1.2 hormone metabolism.jasmonate.synthesis-degradation.lipoxygenase | 17.7.1 hormone metabolism.jasmonate.synthesis-degradation | 17.7 hormone metabolism.jasmonate | 17 hormone metabolism	0.0409	-0.77		-0.187	-0.212	-0.936	-0.943		-0.871	-1.25		-0.253	0.832		0.953	0.605		0.951	0.967	0.517	0.224		0.382	0.0053		0.966	0.584																0.0409	-0.77		-0.187	-0.212	-0.936	-0.943		-0.871	-1.25		-0.253	0.832	
pr.MED37E	VdnDe4_115100	#ee6b6f	MED37E	HSP	VdnDe4_115100	MED37E	VdnDe4_115100	proteomics	['29.6 protein.folding', '20.2.1 stress.abiotic.heat', '20.2 stress.abiotic', '20 stress', '29 protein']	Heat shock cognate 70 kDa protein 1																															0.836	0.563	0.967	0.954	0.0231	0.589	0.634	0.103	0.902	0.95	VdnDe4_115100	proteomics	MED37E	29.6 protein.folding | 20.2.1 stress.abiotic.heat | 20.2 stress.abiotic | 20 stress | 29 protein	0.144	-0.338		-0.0298	0.125	0.727	0.239		0.301	0.366		-0.189	0.0512		0.836	0.563		0.967	0.954	0.0231	0.589		0.634	0.103		0.902	0.95																0.144	-0.338		-0.0298	0.125	0.727	0.239		0.301	0.366		-0.189	0.0512	
pr.MSD1	CLCdnDe7_6144	#b8da78	MSD1	ROS	CLCdnDe7_6144	MSD1	CLCdnDe7_6144	proteomics	['21.6 redox.dismutases and catalases', '21 redox']	Superoxide dismutase						DEP-DE																									0.916	0.76	0.953	0.941	0.86	0.0307	0.967	0.539	0.971	0.884	CLCdnDe7_6144	proteomics	MSD1	21.6 redox.dismutases and catalases | 21 redox	0.248	-0.722		0.222	-0.446	-0.654	-1.63		-0.284	-0.632		0.265	0.547		0.916	0.76		0.953	0.941	0.86	0.0307		0.967	0.539		0.971	0.884																0.248	-0.722		0.222	-0.446	-0.654	-1.63		-0.284	-0.632		0.265	0.547	
pr.PNSL2	PBdnRY1_7025	#4c8b61	PsbQ-like	PS	PBdnRY1_7025	PNSL2	PBdnRY1_7025	proteomics	['1.1.1.2 PS.lightreaction.photosystem II.PSII polypeptide subunits', '1.1.1 PS.lightreaction.photosystem II', '1.1 PS.lightreaction', '1 PS']	Oxygen evolving enhancer protein 3						DEP-DE		DEP-DE																							0.925	0.903	0.969	0.965	0.965	0.0441	0.962	2.82e-06	0.972	0.847	PBdnRY1_7025	proteomics	PNSL2	1.1.1.2 PS.lightreaction.photosystem II.PSII polypeptide subunits | 1.1.1 PS.lightreaction.photosystem II | 1.1 PS.lightreaction | 1 PS	0.152	-0.212		0.0425	-0.209	0.0319	-1.2		-0.236	-1.72		-0.183	0.535		0.925	0.903		0.969	0.965	0.965	0.0441		0.962	2.82e-06		0.972	0.847																0.152	-0.212		0.0425	-0.209	0.0319	-1.2		-0.236	-1.72		-0.183	0.535	
pr.POP2	CLCdnPW49_8560	#000000	POP2	Amino	CLCdnPW49_8560	POP2	CLCdnPW49_8560	proteomics	['13.1.1.1.2 amino acid metabolism.synthesis.central amino acid metabolism.GABA.GABA transaminase', '13.1.1.1 amino acid metabolism.synthesis.central amino acid metabolism.GABA', '13.1.1 amino acid metabolism.synthesis.central amino acid metabolism', '13.1 amino acid metabolism.synthesis', '13 amino acid metabolism']	Aminotransferase										DEP-DE																					0.936	0.87	0.955	0.969	0.893	0.861	0.839	0.827	0.973	0.0438	CLCdnPW49_8560	proteomics	POP2	13.1.1.1.2 amino acid metabolism.synthesis.central amino acid metabolism.GABA.GABA transaminase | 13.1.1.1 amino acid metabolism.synthesis.central amino acid metabolism.GABA | 13.1.1 amino acid metabolism.synthesis.central amino acid metabolism | 13.1 amino acid metabolism.synthesis | 13 amino acid metabolism	0.219	-0.472		-0.289	0.269	0.745	0.361		0.931	-0.359		-0.286	2.45		0.936	0.87		0.955	0.969	0.893	0.861		0.839	0.827		0.973	0.0438																0.219	-0.472		-0.289	0.269	0.745	0.361		0.931	-0.359		-0.286	2.45	
pr.PP2C	CLCdnRY10_6741	#8bbafc	PP2C	ABA	CLCdnRY10_6741	PP2C	CLCdnRY10_6741	proteomics	['29.4 protein.postranslational modification', '29 protein']	Serine/threonine phosphatase family protein						DEP-DE																									0.772	0.19	0.492	0.98	0.948	0.0467	0.982	0.236	0.983	0.939	CLCdnRY10_6741	proteomics	PP2C	29.4 protein.postranslational modification | 29 protein	-0.535	-1.56		1.06	0.038	-0.288	-1.53		0.0731	-1.35		0.095	0.296		0.772	0.19		0.492	0.98	0.948	0.0467		0.982	0.236		0.983	0.939																-0.535	-1.56		1.06	0.038	-0.288	-1.53		0.0731	-1.35		0.095	0.296	
pr.PPD1	VdnDe2_86784	#4c8b61	PsbP	PS	VdnDe2_86784	PPD1	VdnDe2_86784	proteomics	['1.1.1.2 PS.lightreaction.photosystem II.PSII polypeptide subunits', '1.1 PS.lightreaction', '1.1.1 PS.lightreaction.photosystem II', '1 PS']	Photosystem II oxygen evolving complex protein PsbP						DEP-DE																									0.928	0.867	0.93	0.97	0.93	0.0269	0.412	0.0797	0.912	0.932	VdnDe2_86784	proteomics	PPD1	1.1.1.2 PS.lightreaction.photosystem II.PSII polypeptide subunits | 1.1 PS.lightreaction | 1.1.1 PS.lightreaction.photosystem II | 1 PS	0.19	-0.413		0.313	0.201	-0.364	-1.66		-0.971	-1.05		0.499	0.297		0.928	0.867		0.93	0.97	0.93	0.0269		0.412	0.0797		0.912	0.932																0.19	-0.413		0.313	0.201	-0.364	-1.66		-0.971	-1.05		0.499	0.297	
pr.RPE	CLCdnDe2_96512	#4c8b61	RPE	PS	CLCdnDe2_96512	RPE	CLCdnDe2_96512	proteomics	['1.3.11 PS.calvin cycle.RPE', '1.3 PS.calvin cycle', '1 PS']	Ribulose-5-phosphate-3-epimerase	DEP-DE																														0.00133				0.112		0.27				CLCdnDe2_96512	proteomics	RPE	1.3.11 PS.calvin cycle.RPE | 1.3 PS.calvin cycle | 1 PS	1.35					1.45			0.943						0.00133					0.112			0.27																				1.35					1.45			0.943					
pr.VDAC1	VdnDe1_39992	#000000	VDAC1		VdnDe1_39992	VDAC1	VdnDe1_39992	proteomics	['34.20 transport.porins', '34 transport']	34 kDa outer mitochondrial membrane protein porin																															0.937	0.366	0.97	0.972	0.956	0.0573	0.982	0.881	0.98	0.922	VdnDe1_39992	proteomics	VDAC1	34.20 transport.porins | 34 transport	0.13	-1.0		0.0379	-0.158	-0.139	-1.22		-0.0467	-0.165		0.126	-0.311		0.937	0.366		0.97	0.972	0.956	0.0573		0.982	0.881		0.98	0.922																0.13	-1.0		0.0379	-0.158	-0.139	-1.22		-0.0467	-0.165		0.126	-0.311	
pr.ndhI	CLCdnPW10_11437	#4c8b61	NDH1	PS	CLCdnPW10_11437	ndhI	CLCdnPW10_11437	proteomics	['1.1.40 PS.lightreaction.cyclic electron flow-chlororespiration', '1 PS', '1.1 PS.lightreaction']	NAD(P)H-quinone oxidoreductase subunit I chloroplastic	DEP-DE																														0.01	0.804	0.662	0.978	0.294	0.341	0.0616	0.81	0.982	0.804	CLCdnPW10_11437	proteomics	ndhI	1.1.40 PS.lightreaction.cyclic electron flow-chlororespiration | 1 PS | 1.1 PS.lightreaction	1.62	-0.699		0.974	-0.105	1.65	-1.07		1.67	-0.397		-0.153	-0.824		0.01	0.804		0.662	0.978	0.294	0.341		0.0616	0.81		0.982	0.804																1.62	-0.699		0.974	-0.105	1.65	-1.07		1.67	-0.397		-0.153	-0.824	
qP.ACO2	ACO2	#ffaec2	ACO2	ET		ACO2	ACO2	transcriptomics		1-aminocyclopropane-1-carboxylate oxidase	ns	P	P	ns	W	P	ns	ns	P	ns	0.856	0.032	0.024	0.06	0.056	0.032	0.064	0.056	0.048	0.712	0.878592795785368	0.0720020000907254	0.203713858043861	0.0761716666921676	0.0361658776607907	0.120111185182104	0.0850502319320697	0.0952000565379755	0.0930406167138527	0.616023982218356											ACO2	transcriptomics	ACO2		-0.0432521733594435	1.62672550029605		-0.741638733652797	-1.25448243207288	1.16667351263062	1.61419316560478		-1.09303248829206	-0.952110086861442		1.87580120925502	-0.0244807674880003		0.879	0.144		0.208	0.229	0.0362	0.12		0.255	0.144		0.208	0.616																-0.0432521733594435	1.62672550029605		-0.741638733652797	-1.25448243207288	1.16667351263062	1.61419316560478		-1.09303248829206	-0.952110086861442		1.87580120925502	-0.0244807674880003	
qP.CAT1	CAT1	#b8da78	CAT1	ROS		CAT1	CAT1	transcriptomics		Catalase isozyme 1	WP	WP	ns	ns	WP	WP	WP	ns	ns	ns	0.032	0.032	0.236	0.272	0.032	0.032	0.024	0.592	0.276	0.812	0.0352126788309165	0.0335051240527645	0.225068147698111	0.278985661430565	0.0394530538359884	0.0281262359983475	0.0229930415699147	0.477431711618826	0.218693915651585	0.79784562045503											CAT1	transcriptomics	CAT1		0.852338209613721	2.430154691161		0.197905394817533	-0.576658472139024	1.16558474667013	2.97478688540051		-0.375839140408146	-0.304101826712378		0.188967208498743	-0.0084106054256868		0.054	0.093		0.657	0.717	0.0395	0.0281		0.054	0.477		0.657	0.798																0.852338209613721	2.430154691161		0.197905394817533	-0.576658472139024	1.16558474667013	2.97478688540051		-0.375839140408146	-0.304101826712378		0.188967208498743	-0.0084106054256868	
qP.CO	CO	#77d3d8	CO	Tuberisation		CO	CO	transcriptomics		CONSTANS (Fragment)	ns	P	P	WP	WP	WP	ns	ns	P	WP	0.668	0.032	0.04	0.028	0.032	0.032	0.792	0.168	0.0	0.032	0.66073154880948	0.0510242070417399	0.212953478264912	0.037220144507053	0.0069085861384566	0.0340613280028286	0.555601691584205	0.206164093867875	0.0868701276828489	0.0212966409189339											CO	transcriptomics	CO		0.186333805891735	2.16505059807029		-0.569857843497477	-0.442228550910387	1.49829896303389	3.79161319435557		-0.144453787517705	0.882322718942319		-1.18300312563549	-0.906563104078782		1.0	0.153		0.261	0.074	0.00691	0.0341		1.0	0.216		0.261	0.064																0.186333805891735	2.16505059807029		-0.569857843497477	-0.442228550910387	1.49829896303389	3.79161319435557		-0.144453787517705	0.882322718942319		-1.18300312563549	-0.906563104078782	
qP.ERF1	ERF1	#ffaec2	ERF1	ET		ERF1	ERF1	transcriptomics		Ethylene responsive transcription factor	ns	ns	ns	WP	ns	P	WP	ns	ns	WP	0.616	0.056	0.784	0.0	0.588	0.032	0.0	0.108	0.06	0.0	0.627323970436087	0.0882005797840439	0.737181844834369	0.0130582527445592	0.725430653862843	0.0808164267359149	0.0189397165240294	0.123121614621166	0.0784419166105467	0.0030995935641448											ERF1	transcriptomics	ERF1		-0.203228021038584	1.47875342756201		0.0384443074104213	-1.0554165865126	-0.378346820492583	2.07109706205471		-2.84223452691377	-0.84473986536502		0.390713235946916	-1.75524952828761		0.627	0.176		0.737	0.026	0.725	0.0808		0.045	0.176		0.235	0.009																-0.203228021038584	1.47875342756201		0.0384443074104213	-1.0554165865126	-0.378346820492583	2.07109706205471		-2.84223452691377	-0.84473986536502		0.390713235946916	-1.75524952828761	
qP.HSP70	HSP70	#ee6b6f	HSP70	HSP		HSP70	HSP70	transcriptomics		heat shock protein	ns	WP	ns	ns	WP	WP	ns	ns	ns	WP	0.08	0.032	0.264	0.944	0.032	0.032	0.5	0.224	0.48	0.032	0.0993608013097173	0.0313565511941558	0.276728039875035	0.83443154614715	0.0081177303414423	0.0348337478844635	0.439150686584152	0.188555790571896	0.553964183749864	0.011835340014013											HSP70	transcriptomics	HSP70		0.509631370528073	3.07896859398464		-0.18498927207569	0.0273878170096924	1.93392984503968	3.62854342557609		-0.184014701978451	0.71685072177284		0.0910431383701345	0.721175143076789		0.199	0.094		0.723	0.834	0.00812	0.0348		0.439	0.189		0.723	0.035																0.509631370528073	3.07896859398464		-0.18498927207569	0.0273878170096924	1.93392984503968	3.62854342557609		-0.184014701978451	0.71685072177284		0.0910431383701345	0.721175143076789	
qP.M0ZJG3	M0ZJG3	#f6896d	MES	Ca		MES	M0ZJG3	transcriptomics		Methyl Esterase	ns	WP	ns	WP	P	WP	ns	P	WP	ns	0.148	0.032	0.116	0.016	0.0	0.032	0.816	0.032	0.012	0.464	0.223171002201843	0.0495416227353088	0.172475145528864	0.0341438191526058	0.053631767403241	0.0225333573780292	0.890209548433066	0.127628875299162	0.0272772282183838	0.552596955289791											M0ZJG3	transcriptomics	M0ZJG3		0.640580150740953	2.15271481245293		-1.13706995953968	-0.776550188640008	1.54944290544857	3.78477869525806		-0.0363822155027018	0.963285361517743		-0.753148145061618	-0.33476190762058		0.627	0.149		0.344	0.102	0.0536	0.0225		0.89	0.202		0.082	0.57																0.640580150740953	2.15271481245293		-1.13706995953968	-0.776550188640008	1.54944290544857	3.78477869525806		-0.0363822155027018	0.963285361517743		-0.753148145061618	-0.33476190762058	
qP.P5CS	P5CS	#5a3e72	P5CS	Pro		P5CS	P5CS	transcriptomics		Pyrroline-5-carboxylate synthase	W	WP	WP	ns	WP	WP	ns	WP	WP	WP	0.056	0.032	0.028	0.068	0.032	0.032	0.084	0.032	0.0	0.032	0.0294683315947759	0.0341989633369689	0.0225498305466809	0.113985174823671	0.0093971181801877	0.0348370682322022	0.120009419197692	0.0203917419322233	0.0157354771083112	0.0332943837381484											P5CS	transcriptomics	P5CS		0.766316652450187	2.70238165051311		-0.728470743477664	-0.347768183041484	1.49709108754025	3.47957258371643		0.483708598750564	1.2199680720787		-0.937952756434057	2.33522328857168		0.088	0.068		0.047	0.114	0.0094	0.0348		0.24	0.061		0.047	0.089																0.766316652450187	2.70238165051311		-0.728470743477664	-0.347768183041484	1.49709108754025	3.47957258371643		0.483708598750564	1.2199680720787		-0.937952756434057	2.33522328857168	
qP.PR1b	PR1b	#9264b6	PR1b	SA		PR1b	PR1b	transcriptomics		Pathogenesis-related protein 1b	ns	WP	P	WP	ns	P	ns	P	ns	ns	0.844	0.032	0.048	0.0	0.508	0.032	0.204	0.024	0.352	0.216	0.875465382438159	0.0419608572745178	0.124395482301789	0.0078512451178196	0.534231996414248	0.0771020600902367	0.19292004078568	0.104404387206242	0.298938716103571	0.233931151278087											PR1b	transcriptomics	PR1b		0.03194993409766	2.18225410987014		-0.520121135555704	-1.23753826225917	0.198283876718658	1.53031210581312		-0.648433106806276	-1.45776102182635		0.550746125714287	1.49656684252516		0.875	0.086		0.372	0.024	0.534	0.0771		0.579	0.104		0.372	0.378																0.03194993409766	2.18225410987014		-0.520121135555704	-1.23753826225917	0.198283876718658	1.53031210581312		-0.648433106806276	-1.45776102182635		0.550746125714287	1.49656684252516	
qP.RD29B	RD29B	#8bbafc	RD29	ABA		RD29B	RD29B	transcriptomics	['20.2.2_stress.abiotic.cold']	CAP160 protein	ns	WP	ns	P	ns	ns	ns	ns	WP	P	0.42	0.032	0.316	0.044	0.088	0.132	0.66	0.528	0.028	0.0	0.305802124115085	0.0070482275226946	0.243676889214801	0.132680551830796	0.138395372361516	0.137464956360531	0.62119242171318	0.6101828490796	0.029068103664052	0.0505608635768964											RD29B	transcriptomics	RD29B		0.93359702122409	2.82007167999106		-0.839896507807976	-2.29858079424906	-1.68008190716089	1.47785617200904		-0.646530727432975	-0.748019859850664		4.8891500130556	7.68224512114979		0.792	0.021		0.244	0.15	0.138	0.137		0.792	0.61		0.083	0.15																0.93359702122409	2.82007167999106		-0.839896507807976	-2.29858079424906	-1.68008190716089	1.47785617200904		-0.646530727432975	-0.748019859850664		4.8891500130556	7.68224512114979	
qP.RbohA	RbohA	#b8da78	RbohA	ROS		RbohA	RbohA	transcriptomics		Respiratory burst oxidase	ns	ns	WP	WP	ns	ns	P	ns	WP	WP	0.22	0.168	0.0	0.0	0.08	0.128	0.0	0.7	0.032	0.032	0.417859561677762	0.181160474092268	0.0004304183691387	0.0244274937652357	0.112314022056022	0.132887049191281	0.0765477482683641	0.650402472115865	0.0041192901260286	0.0019701497088256											RbohA	transcriptomics	RbohA		0.392440199443912	-0.268095164649102		-1.02174408392462	-1.11343833046212	1.03438834883986	0.0999211691690803		-1.29538732905538	-0.184188202825378		0.882510161479796	1.11087012755329		0.418	0.495		0.001	0.024	0.112	0.133		0.153	0.65		0.004	0.004																0.392440199443912	-0.268095164649102		-1.02174408392462	-1.11343833046212	1.03438834883986	0.0999211691690803		-1.29538732905538	-0.184188202825378		0.882510161479796	1.11087012755329	
qP.SP6A	SP6A	#77d3d8	SP6A	Tuberisation		SP6A	SP6A	transcriptomics		Flowering locus T protein	ns	ns	ns	P	WP	ns	WP	WP	WP	P	0.72	0.144	0.208	0.032	0.0	0.136	0.0	0.0	0.032	0.032	0.718363490339984	0.135325271668709	0.24014346956265	0.102844148597789	0.0023958686656562	0.108279015668413	0.0053992308881556	0.0158559428002141	0.0344141994524931	0.102553918153287											SP6A	transcriptomics	SP6A		-0.334987748344023	0.952158221692501		-0.521058622695243	-3.81455165324204	-3.07769148728338	0.844393654978271		-3.6934260872251	-3.00955696592133		2.21386739360092	-3.82922465300375		0.718	0.135		0.24	0.309	0.0024	0.108		0.016	0.048		0.089	0.309																-0.334987748344023	0.952158221692501		-0.521058622695243	-3.81455165324204	-3.07769148728338	0.844393654978271		-3.6934260872251	-3.00955696592133		2.21386739360092	-3.82922465300375	
qP.SWEET	SWEET	#77d3d8	SWEET	Tuberisation		SWEET	SWEET	transcriptomics		Bidirectional sugar transporter	WP	WP	ns	ns	WP	WP	ns	ns	ns	ns	0.032	0.032	0.824	0.188	0.032	0.0	0.224	0.744	0.952	0.6	0.0323485537287686	0.0402158715351292	0.803018803388473	0.159393683856115	0.0253853041125163	0.0442716794191869	0.198671509028588	0.675093611917895	0.908953031436899	0.65425864380651											SWEET	transcriptomics	SWEET		0.46359710553686	2.26136931011369		0.160465149084065	-0.836538623814666	1.46151135319296	3.00189969941985		0.138577252085762	0.0748474485097455		0.118380794814981	-0.104366298661288		0.097	0.121		1.0	0.477	0.0254	0.0443		0.199	0.675		1.0	0.654																0.46359710553686	2.26136931011369		0.160465149084065	-0.836538623814666	1.46151135319296	3.00189969941985		0.138577252085762	0.0748474485097455		0.118380794814981	-0.104366298661288	
qP.SnRK2	SnRK2	#8bbafc	SnRK2	ABA		SnRK2	SnRK2	transcriptomics	['28.99_DNA.unspecified']	Protein kinase superfamily protein	WP	WP	ns	ns	WP	WP	ns	WP	ns	P	0.024	0.032	0.06	0.576	0.032	0.032	0.676	0.032	0.316	0.032	0.0337313138499723	0.0301913256485028	0.113280330465103	0.61394786900709	0.0012471481293328	0.033119994883615	0.640136623380545	0.0364579353024788	0.322509881148946	0.0633508054664508											SnRK2	transcriptomics	SnRK2		0.832938924989487	3.02164547412647		0.200862760978191	0.100378882045039	2.29022338251634	3.89127382417566		0.104377132918179	0.971231242244738		0.137467087611985	0.336816479729597		0.101	0.091		0.339	0.614	0.00125	0.0331		0.64	0.091		0.646	0.19																0.832938924989487	3.02164547412647		0.200862760978191	0.100378882045039	2.29022338251634	3.89127382417566		0.104377132918179	0.971231242244738		0.137467087611985	0.336816479729597	
qP.X13.LOX	13-LOX	#f3d686	13-LOX	JA		13-LOX	13-LOX	transcriptomics		13-lipoxygenase	ns	WP	ns	ns	ns	WP	ns	ns	WP	W	0.056	0.032	0.776	0.5	0.284	0.0	0.076	0.116	0.032	0.056	0.0771088395987988	0.0452072991250976	0.775388628619713	0.584604362844587	0.268787835041212	0.0112049905760429	0.145336727939512	0.163442840813665	0.009255932327836	0.0229639085490829											13-LOX	transcriptomics	13-LOX		0.538457139031932	2.14333749087242		0.0229990314014104	-0.339274621959478	0.484631065544359	3.73899753741891		-0.412144852995617	0.807770145300916		0.668486864234595	0.97279053872954		0.154	0.136		0.775	0.585	0.269	0.0112		0.154	0.164		0.022	0.046																0.538457139031932	2.14333749087242		0.0229990314014104	-0.339274621959478	0.484631065544359	3.73899753741891		-0.412144852995617	0.807770145300916		0.668486864234595	0.97279053872954	
